SpriteSheet	SpriteName	English Naomi ver	EN Community Translation Ver	Zh-Hans	Zh-Hant	de	es	fr	hu	ja	ko	ru	pt-br	uk	it	th	tr	sv	sk
CoffeeBean	(FaceFeatureB5)	Face Feature B 5	Face Feature B 5	脸部特征 B 5	臉部特徵 B 5														
CoffeeBean	(PiercingA5_Color)	Piercing A + B 5 Colour	Piercing 5	耳钉 5	耳釘 5														
CoffeeBean	(Loading)	Think Serious Loading Colour	Sticker Loading	表情贴纸 加载	表情貼紙 載入														
CoffeeBean	(Nose3)	Nose 3	Nose 3	鼻子 3	鼻子 3														
CoffeeBean	(CapeFront3_Outline)	Cape Front 3 Outline	Cape Front | Cape Outline 3	披风 前 | 披风 轮廓 3	披風 前 | 鬥篷 輪廓 3														
CoffeeBean_2	(CockroachLeg)	Bug Emote Cockroach Leg	Cockroach 1	蟑螂 1	蟑螂 1														
CoffeeBean_2	(EarringA5_Color)	Earring 5 Colour	Earring	耳环	耳環														
CoffeeBean_2	(Eye2_Highlight)	Eye 2 Highlight	Eye Highlight 2	眼睛 高光 2	眼睛 高光 2														
CoffeeBean	(Angry4)	Angry Emote Angry Line 4	Sticker Angry 4	表情贴纸 生气 4	表情貼紙 生氣 4														
CoffeeBean	(AnimalEar1_Front_Outline)	Animal Ear 1 Front Outline	Animal Ear Outline 1	兽耳轮廓 1	獸耳 輪廓 1														
CoffeeBean	(Main5_Outline)	Outfit Inner 5 Outline	Outfit Inner Outline 5	服装 里侧 轮廓 5	服裝 內側 輪廓 5														
CoffeeBean	(ExclamationMark)	Exclamation Mark	Sticker Exclamation Mark	表情贴纸 感叹号	表情貼紙 驚嘆號														
CoffeeBean	(Mouth_Line)	Drink Beverage Cup Mouth	Beverage Cup | Mouth	饮料杯 | 嘴	飲料杯 | 嘴														
CoffeeBean	(Eye3_Dollar)	Money Emote Eye 3 Dollar	Eye Dollar 3	眼睛 钱 3	眼睛 錢 3														
CoffeeBean	(HairShine7_Color)	Hair Shine 13 + 14 Colour	Hair Shine 13 + 14	头发 高光 13 + 14	頭髮 高光 13 + 14														
CoffeeBean	(WingG1_Outter_Color)	Wings 10 Outer Colour	Wing 10 .1	翅膀 10 .1	翅膀 10 .1														
CoffeeBean	(Eye1_Upperlid)	Eye 1 Upperlid	Eyelashes 1 .1	眼睛 睫毛 1 .1	眼睛 睫毛 1 .1														
CoffeeBean	(WingE1_Middle_Color)	Wing 8 Mid Colour	Wing 8 .2	翅膀 8 .2	翅膀 8 .2														
CoffeeBean	(TailE2_Color)	Tail 13 Colour	Tail 13	尾巴 13	尾巴 13														
CoffeeBean	(SweatWhite)	Nervous Emote Sweat	Sticker Sweat	表情贴纸 汗	表情貼紙 汗														
CoffeeBean_4	(Collar6_String)	Outfit Collar Inner 7 Strings	Outfit Collar String 7	服装 领子 抽绳 7	服裝 領子 抽繩 7														
CoffeeBean	(PonytailA5_Color)	Ponytail 9 Colour	Hair Ponytail 9	头发 单马尾 9	頭髮馬尾辮 9														
CoffeeBean	(FrameHair_A10_Outline)	Hair Framing 19 Outline	Hair Framing Outline 19	头发 脸颊 轮廓 19	頭髮 臉頰 輪廓 19														
CoffeeBean	(HairBang6_Side_Color)	Hair Bang 11 Colour	Hair Bang 11	头发 刘海 11	頭髮 瀏海 11														
CoffeeBean	(SideHairA5_Outline)	Hair Side 9 + 10 Outline	Hair Side Outline 9 + 10	头发 侧面 轮廓 9 + 10	頭髮 側面 輪廓 9 + 10														
CoffeeBean	(SideHairA3_Color)	Hair Side 5 Colour	Hair Side 5	头发 侧面 5	頭髮 側面 5														
CoffeeBean	(FrameHair_A5_Outline)	Hair Framing 9 + 10 Outline	Hair Framing Outline 9 + 10	头发 脸颊 轮廓 9 + 10	頭髮 臉頰 輪廓 9 + 10														
CoffeeBean	(Pigtail_A2_Color)	Hair Pigtail 3 Colour	Hair Pigtail 3	头发 马尾 3	頭髮 馬尾 3														
CoffeeBean	(SideHairB8_Outline)	Hair Side 31 + 32 Outline	Hair Side Outline 31 + 32	头发 侧面 轮廓 31 + 32	頭髮 側面 輪廓 31 + 32														
CoffeeBean	(SideHairA3_Outline)	Hair Side 5 + 6 Outline	Hair Side Outline 5 + 6 	头发 侧面 轮廓 5 + 6 	頭髮 側面 輪廓 5 + 6 														
CoffeeBean	(PonytailA1_Color)	Ponytail 1 Colour	Hair Ponytail 1	头发 单马尾 1	頭髮馬尾辮 1														
CoffeeBean	(PonytailA5_Gradient)	Ponytail 10 Colour	Hair Ponytail 10	头发 单马尾 10	頭髮馬尾辮 10														
CoffeeBean	(BellClapper)	Bell Emote Inside	Bell 1	铃铛 1	鈴鐺 1														
CoffeeBean	(EarringA5_Outline)	Earring 5 Outline	Earring Outline 5	耳环 轮廓 5	耳環 輪廓 5														
CoffeeBean	(HairShine5_Outline)	Hair Shine 10 Outline	Hair Shine Outline 10	头发 高光 轮廓 10	頭髮 高光 輪廓 10														
CoffeeBean	(Nose1)	Nose 1	Nose 1	鼻子 1	鼻子 1														
CoffeeBean_9	(HairClip5_Color)	Hair Clip 5 Colour	Hair Clip 5	发夹 5	髮夾 5														
CoffeeBean	(TailC1_Color)	Tail 8 Colour	Tail 8	尾巴 8	尾巴 8														
CoffeeBean	(PonytailA5_Outline)	Ponytail 9 + 10 Outline	Hair Ponytail Outline 9 + 10	头发 单马尾 轮廓 9 + 10	頭髮馬尾辮輪廓 9 + 10														
CoffeeBean	(WingB1_Outline)	Wing 4 Outline	Wing Outline 4	翅膀 轮廓 4	翅膀 輪廓 4														
CoffeeBean	(AlertClick)	Alert Emote Lines	Sticker Alert Effect	表情贴纸 通知/提示 特效	表情貼紙 通知/提示 特效														
CoffeeBean	(HairClip13_Color)	Hair Clip 13 Colour	Hair Clip 13	发夹 13	髮夾 13														
CoffeeBean	(SideHairA7_Outline)	Hair Side 13 + 14 Outline	Hair Side Outline 13 + 14	头发 侧面 轮廓 13 + 14	頭髮 側面 輪廓 13 + 14														
CoffeeBean	(SideHairA6_Outline)	Hair Side 11 + 12 Outline	Hair Side Outline 11 + 12	头发 侧面 轮廓 11 + 12	頭髮 側面 輪廓 11 + 12														
CoffeeBean_10	(CreditCard)	Card Swipe Emote Card	Card Swipe	刷卡	刷卡														
CoffeeBean_2	(Hand_Line2)	Hand Outline Bottom Finger Line	Hand 1 .1	手 1 .1	手 1 .1														
CoffeeBean_4	(Eye1_Highlight)	Eye 1 Highlight	Eye Highlight 1	眼睛 高光 1	眼睛 高光 1														
CoffeeBean_5	(EarringA1_Color)	Earring 1 Colour	Earring 1	耳环 1	耳環 1														
CoffeeBean	(Brow1)	Brow 1	Brow 1	眉毛 1	眉毛 1														
CoffeeBean_2	(FaceFeatureB2)	Face Feature B 2	Face Feature B 2	脸部特征 B 2	臉部特徵 B 2														
CoffeeBean_8	(CortisolMeter)	Low Cortisol Meter	Dance (Low Cortisol) 2	跳舞(低皮质醇) 2	跳舞(低皮質醇) 2														
CoffeeBean	(HairBang1_Side_Outline)	Hair Bang 1 + 2 Outline	Hair Bang Outline 1 + 2	头发 刘海 轮廓 1 + 2	頭髮 瀏海 輪廓 1 + 2														
CoffeeBean_2	(Hairline)	Base Hair 1	Base Hair 1	基础头发 1	基礎頭髮 1														
CoffeeBean_2	(EarringB1_Color)	Earring 6 Colour	Earring 6	耳环 6	耳環 6														
CoffeeBean_2	(Palmar_Line2)	Greeting 1 Emote Hand Palm Finger Line 2	Hand 1 .2	手 1 .2	手 1 .2														
CoffeeBean_2	(StrawLiquid_Color)	Drink Beverage Cup Emote Boba Ball Colour	Beverage Liquid 2	饮料杯 液体 2	飲料杯 液體 2														
CoffeeBean_2	(Mecha5_Color)	Mecha 5 Colour	Mecha 5	机械 5	機械 5														
CoffeeBean_2	(HairClip13_Outline)	Hair Clip 13 Outline	Hair Clip Outline 13	发夹 轮廓 13	髮夾 輪廓 13														
CoffeeBean_2	(EasterEgg3)	Easter Emote Egg 3	Easter 3	复活节 3	復活節 3														
CoffeeBean_2	(Collar3_Outline)	Outfit Collar Inner 3 Outline	Outfit Collar Outline 3	服装 领子 轮廓 3	服裝 領子 輪廓 3														
CoffeeBean_2	(HairHighlight4_Color)	Hair Highlight Mid 1 + 2 Colour	Hair Highlight >< 1 + 2	挑染 >< 1 + 2	挑染 >< 1 + 2														
CoffeeBean_12	(Tongue2)	Lick Emote Tongue Tip	Mouth/Tongue | Lick	嘴/舌头 | 舔舔	嘴/舌頭 | 舔舔														
CoffeeBean	(FaceFeatureA3)	Face Feature A 3	Face Feature A 3	脸部特征 A 3	臉部特徵 A 3														
CoffeeBean_2	(AnimalEar4_Outline)	Animal Ears 4 Outline	Animal Ear Outline 4	兽耳轮廓 4	獸耳 輪廓 4														
CoffeeBean_2	(SideHairB8_Gradient)	Hair Side 32 Colour	Hair Side 32	头发 侧面 32	頭髮 側面 32														
CoffeeBean_2	(PonytailA4_Outline)	Ponytail 7 + 8 Outline	Hair Ponytail Outline 7 + 8	头发 单马尾 轮廓 7 + 8	頭髮馬尾辮輪廓 7 + 8														
CoffeeBean_2	(HatD1_Outline)	Hat 8 Outline	Hat Outline 8	帽子 轮廓 8	帽子 輪廓 8														
CoffeeBean_7	(GasBottle)	Copium Emote	Gas Bottle	压缩气瓶	壓縮氣瓶														
CoffeeBean_2	(SideHairA2_Outline)	Hair Side 3 + 4 Outline	Hair Side Outline 3 + 4	头发 侧面 轮廓 3 + 4	頭髮 側面 輪廓 3 + 4														
CoffeeBean_2	(SideHairB5_Outline)	Hair Side 25 + 26 Outline	Hair Side Outline 25 + 26	头发 侧面 轮廓 25 + 26	頭髮 側面 輪廓 25 + 26														
CoffeeBean_5	(FacialHair_A4_Color)	Facial Hair A 4 Colour	Facial Hair A 4	胡子 A 4	鬍子 A 4														
CoffeeBean_8	(EarringA2_Color)	Earring 2 Colour	Earring 2	耳环 2	耳環 2														
CoffeeBean_5	(Eye3_Light)	Eye Iris 3	Eye Iris Light 3	眼睛 虹膜浅色 3	眼睛 虹膜淺色 3														
CoffeeBean_8	(AnimalEar1_Back_Outline)	Animal Ear 1 Outline Outer Edge	Animal Ear Outline 1 .1	兽耳轮廓 1 .1	獸耳 輪廓 1 .1														
CoffeeBean_2	(CapeFront5_Outline)	Cape Front 5 Outline	Cape Front | Cape Outline 5	披风 前 | 披风 轮廓 5	披風 前 | 鬥篷 輪廓 5														
CoffeeBean_2	(SideHairB8_Color)	Hair Side 31 Colour	Hair Side 31	头发 侧面 31	頭髮 側面 31														
CoffeeBean_2	(HairShine6_Color)	Hair Shine 11 + 12 Colour	Hair Shine 11 + 12	头发 高光 11 + 12	頭髮 高光 11 + 12														
CoffeeBean_2	(Hairband5_Outline)	Hairband B 3 Outline	Hairband B Outline 3	发带 B 轮廓 3	髮帶 B 輪廓 3														
CoffeeBean_2	(CapeBack1_Outline)	Cape Back 1 Outline	Cape Back | Cape Outline 1	披风 后 | 披风 轮廓 1	披風 後 | 鬥篷 輪廓 1														
CoffeeBean_7	(Halo3_Color)	Halo 3 Colour	Halo 3	光环 3	光環 3														
CoffeeBean_6	(Eye3_Eyelash)	Eye 3 Lash	Eyelashes 3	眼睛 睫毛 3	眼睛 睫毛 3														
CoffeeBean_2	(Leg)	Leg 1	Leg 1	腿 1	腿 1														
CoffeeBean_2	(Thumb_Color)	Hand Thumb Colour	Hand 1 .3	手 1 .3	手 1 .3														
CoffeeBean_9	(HairShine2_Color)	Hair Shine 3 + 4 Colour	Hair Shine 3 + 4	头发 高光 3 + 4	頭髮 高光 3 + 4														
CoffeeBean_9	(Hairband1_Outline)	Hairband A 1 Outline	Hairband A Outline 1	发带 A 轮廓 1	髮帶 A 輪廓 1														
CoffeeBean_4	(Brow7)	Brows 7	Brow 7	眉毛 7	眉毛 7														
CoffeeBean_4	(Palmar_Line1)	Greeting 1 Emote Hand Palm Finger Line 1	Hand 1 .4	手 1 .4	手 1 .4														
CoffeeBean_2	(PiercingA3_Color)	Piercing A + B 3 Colour	Piercing 3	耳钉 3	耳釘 3														
CoffeeBean_3	(Pigtail_A7_Color)	Hair Pigtail 13 Colour	Hair Pigtail 13	头发 马尾 13	頭髮 馬尾 13														
CoffeeBean_2	(SideHairA3_Gradient)	Hair Side 6 Colour	Hair Side 6	头发 侧面 6	頭髮 側面 6														
CoffeeBean_2	(SideHairA8_Outline)	Hair Side 15 + 16 Outline	Hair Side Outline 15 + 16	头发 侧面 轮廓 15 + 16	頭髮 側面 輪廓 15 + 16														
CoffeeBean_3	(PonytailA3_Outline)	Ponytail 5 + 6 Outline	Hair Ponytail Outline 5 + 6	头发 单马尾 轮廓 5 + 6	頭髮馬尾辮輪廓 5 + 6														
CoffeeBean_5	(TailF2_Outline)	Tail 16 Outline	Tail Outline 16	尾巴 轮廓 16	尾巴 輪廓 16														
CoffeeBean_8	(Ear_Outline)	Ear Outline	Ear Outline	耳朵 轮廓	耳朵 輪廓														
CoffeeBean_3	(HairClip11_Color)	Hair Clip 11 Colour	Hair Clip 11	发夹 11	髮夾 11														
CoffeeBean_3	(TailC1_Outline)	Tail 8 Outline	Tail Outline 8	尾巴 轮廓 8	尾巴 輪廓 8														
CoffeeBean_10	(Cheek3)	Cheek 3 Colour	Cheek 3	脸颊 3	臉頰 3														
CoffeeBean_9	(Eye_Popcat_Light)	Dum 3 + Popcat Emote Iris Colour																	
CoffeeBean_10	(CandleFire)	Candle Fire	Candle Fire	蜡烛 火焰	蠟燭 火焰														
CoffeeBean_4	(PiercingA4_Outline)	Piercing A + B 4 Outline	Piercing Outline 4	耳钉 轮廓 4	耳釘 輪廓 4														
CoffeeBean_5	(NeckwearA2_Color)	Outfit Neckwear A 2 Colour	Outfit Neckwear A 2	服装 颈部装饰 A 2	服裝 頸部裝飾 A 2														
CoffeeBean_5	(little_Color)	Hand Little Finger Colour	Hand 1 .5	手 1 .5	手 1 .5														
CoffeeBean_5	(PiercingA1_Color)	Piercing A + B 1 Colour	Piercing 1	耳钉 1	耳釘 1														
CoffeeBean_4	(PhoneLight)	Paid Break Easy Emote Phone Light	Phone Light	手机 屏幕光	手機 螢幕光														
CoffeeBean_5	(ShakeLine1)	Scared Emote Shake Line 1	Scared 1	害怕 1	害怕 1														
CoffeeBean_8	(Eye2_Upperlid)	Eyelash 2	Eyelashes 2 .1	眼睛 睫毛 2 .1	眼睛 睫毛 2 .1														
CoffeeBean_10	(NeckwearA3_Color)	Outfit Neckwear A 3 Colour	Outfit Neckwear A 3	服装 颈部装饰 A 3	服裝 頸部裝飾 A 3														
CoffeeBean_10	(Brow9)	Brow 9	Brow 9	眉毛 9	眉毛 9														
CoffeeBean_10	(EarringA1_Outline)	Earring 1 Outline	Earring Outline 1	耳环 轮廓 1	耳環 輪廓 1														
CoffeeBean_10	(TailA2_Outline)	Tail 2 Outline	Tail Outline 2	尾巴 轮廓 2	尾巴 輪廓 2														
CoffeeBean_2	(Drooling)	Drool	Drooling	馋	嘴饞														
CoffeeBean_2	(PiercingA4_Color)	Piercing A + B 4 Colour	Piercing 4	耳钉 4	耳釘 4														
CoffeeBean_4	(PonytailA3_Color)	Ponytail 5 Colour	Hair Ponytail 5	头发 单马尾 5	頭髮馬尾辮 5														
CoffeeBean_5	(PonytailA2_Gradient)	Ponytail 4 Colour	Hair Ponytail 4	头发 单马尾 4	頭髮馬尾辮 4														
CoffeeBean_11	(AnimalEar7_Outline)	Animal Ear 7 Outline	Animal Ear Outline 7	兽耳轮廓 7	獸耳 輪廓 7														
CoffeeBean_3	(Brow6)	Brow 6	Brow 6	眉毛 6	眉毛 6														
CoffeeBean_5	(PopperConfetti2)	Celebration Emote Confetti 2	Confetti 2	彩纸 2	彩色紙屑 2														
CoffeeBean_10	(Swatter)	Swatter Emote Swatter	Swatter	拍子	拍子														
CoffeeBean_9	(Fin1_Outline)	Fin 1 Outline	Fin Outline	鳍 轮廓	鰭 輪廓														
CoffeeBean_4	(HairShine3_Color)	Hair Shine 5 + 6 Colour	Hair Shine 5 + 6	头发 高光 5 + 6	頭髮 高光 5 + 6														
CoffeeBean_11	(TailB1_Color)	Tail 3 Colour	Tail 3	尾巴 3	尾巴 3														
CoffeeBean_12	(HammerEffect2)	Bonk Emote Hammer Effect 2	Hammer 2	锤子 2	錘子 2														
CoffeeBean_5	(Mecha1_Outline)	Mecha 1 Outline	Mecha Outline 1	机械 轮廓 1	機械 輪廓 1														
CoffeeBean_3	(Pigtail_A4_Outline)	Hair Pigtail 7 + 8 Outline	Hair Pigtail Outline 7 + 8	头发 马尾 轮廓 7 + 8	頭髮 馬尾 輪廓 7 + 8														
CoffeeBean_3	(HatC1_Outline)	Hat 6 + 7 Outline	Hat Outline 6 + 7	帽子 轮廓 6 + 7	帽子 輪廓 6 + 7														
CoffeeBean_7	(Pigtail_B1_Color)	Hair Pigtail 17 Colour	Hair Pigtail 17	头发 马尾 17	頭髮 馬尾 17														
CoffeeBean_7	(Flash)	Gun Emote Flash	Gun Flash	枪口闪光	槍口閃光														
CoffeeBean_7	(Brow4)	Brows 4	Brow 4	眉毛 4	眉毛 4														
CoffeeBean_5	(CortisolMeterPointer)	Cortisol Emote Meter Pointer	Dance (Low Cortisol) 1	跳舞(低皮质醇) 1	跳舞(低皮質醇) 1														
CoffeeBean_2	(Hand_Line1)	Hand Outline Top Finger Line	Hand 1 .6	手 1 .6	手 1 .6														
CoffeeBean_9	(RedPacketCoin4)	Red Packet 1 Emote Coin 4	RedPacket 4	红包 4	紅包 4														
CoffeeBean_2	(Cheek4)	Cheek 4 Lines	Cheek 4	脸颊 4	臉頰 4														
CoffeeBean_2	(FaceFeatureB3)	Face Feature B 3	Face Feature B 3	脸部特征 B 3	臉部特徵 B 3														
CoffeeBean	(Brow2)	Brows 2	Brow 2	眉毛 2	眉毛 2														
CoffeeBean_11	(StickyNote)	Dum Sticker Emotes Sticky Note	Sticky Note	表情贴纸 便签	表情貼紙 便利貼														
CoffeeBean_7	(Loading_Outline)	Loading Emote Outline	Sticker Loading 2	表情贴纸 加载 2	表情貼紙 載入 2														
CoffeeBean_7	(Collar6_Outline)	Outfit Collar Inner 6 + 7 Outline	Outfit Collar Outline 6 + 7	服装 领子 轮廓 6 + 7	服裝 領子 輪廓 6 + 7														
CoffeeBean_11	(CapeBack3_Color)	Cape Back 3 Colour	Cape Back 3	披风 后 3	披風 後 3														
CoffeeBean_4	(SideHairB6_Outline)	Hair Side 27 + 28 Outline	Hair Side Outline 27 + 28	头发 侧面 轮廓 27 + 28	頭髮 側面 輪廓 27 + 28														
CoffeeBean_4	(PonytailA1_Outline)	Ponytail 1 + 2 Outline	Hair Ponytail Outline 1 + 2	头发 单马尾 轮廓 1 + 2	頭髮馬尾辮輪廓 1 + 2														
CoffeeBean_5	(PonytailA2_Color)	Ponytail 3 Colour	Hair Ponytail 3	头发 单马尾 3	頭髮馬尾辮 3														
CoffeeBean_3	(SideHairA2_Color)	Hair Side 3 Colour	Hair Side 3	头发 侧面 3	頭髮 側面 3														
CoffeeBean_9	(GiftBoxLid)	Gift Emote Box Lid	Gift 2	礼物 2	禮物 2														
CoffeeBean_12	(Collar4_Color)	Outfit Collar Inner 4 Colour	Outfit Collar Inner 4	服装 领子 里侧 4	服裝 領子 內側 4														
CoffeeBean_10	(WingE1_Upper_Color)	Wing 8 Top Colour	Wing 8 .1	翅膀 8 .1	翅膀 8 .1														
CoffeeBean_12	(WingA1_Color)	Wing 1 Colour	Wing 1	翅膀 1	翅膀 1														
CoffeeBean_11	(FrameHair_B4_Outline)	Hair Framing 29 + 30 Outline	Hair Framing Outline 29 + 30	头发 脸颊 轮廓 29 + 30	頭髮 臉頰 輪廓 29 + 30														
CoffeeBean_12	(FrameHair_Branch_A1_Color)	Hair Branch 1 Colour	Hair Branch 1	头发 分叉 1	頭髮 分叉 1														
CoffeeBean_3	(SideHairA7_Gradient)	Hair Side 14 Colour	Hair Side 14	头发 侧面 14	頭髮 側面 14														
CoffeeBean_3	(Wing2_Color)	Ear Wing 2 Colour	Ear Wing 2	翅膀耳朵 2	翅膀耳朵 2														
CoffeeBean_9	(TailA1_Color)	Tail 1 Colour	Tail 1	尾巴 1	尾巴 1														
CoffeeBean_6	(Eye3_Heart)	Luv 1 Emote Eye 3 Heart	Eye Heart 3	眼睛 爱心 3	眼睛 愛心 3														
CoffeeBean_10	(FrameHair_A8_Outline)	Hair Framing 15 + 16 Outline	Hair Framing Outline 15 + 16	头发 脸颊 轮廓 15 + 16	頭髮 臉頰 輪廓 15 + 16														
CoffeeBean_10	(DrawingTablet)	Tablet Emote Tablet	Tablet	画板	繪圖板														
CoffeeBean	(FaceFeatureA2)	Face Feature A 2	Face Feature A 2	脸部特征 A 2	臉部特徵 A 2														
CoffeeBean	(PiercingA2_Color)	Piercing A + B 2 Colour	Piercing 2	耳钉 2	耳釘 2														
CoffeeBean_2	(Eye_Popcat_Highlight)	Popcat Emote Eye Highlight																	
CoffeeBean_4	(Hairband3_Outline)	Hairband B 1 Outline	Hairband B Outline 1	发带 B 轮廓 1	髮帶 B 輪廓 1														
CoffeeBean_11	(NeckwearB6_Color)	Outfit Neckwear B 6 Colour	Outfit Neckwear B 6	服装 颈部装饰 B 6	服裝 頸部裝飾 B 6														
CoffeeBean_3	(Mouth_Popcat1)	Popcat Emote Closed Mouth																	
CoffeeBean_11	(Rose)	Rose Emote Rose	Rose	玫瑰	玫瑰														
CoffeeBean_6	(HairbandBack2_Outline)	Hairband D 2 Outline	Hairband D Outline 2	发带 D 轮廓 2	髮帶 D 輪廓 2														
CoffeeBean_10	(Mecha2_Outline)	Mecha 2 Outline	Mecha Outline 2	机械 轮廓 2	機械 輪廓 2														
CoffeeBean_4	(SideHairA8_Gradient)	Hair Side 16 Colour	Hair Side 16	头发 侧面 16	頭髮 側面 16														
CoffeeBean_12	(NeckwearB7_Color)	Outfit Neckwear B 7 Colour	Outfit Neckwear B 7	服装 颈部装饰 B 7	服裝 頸部裝飾 B 7														
CoffeeBean_12	(Donut3)	Eat Donut Emote Donut 3	Donut 3	甜甜圈 3	甜甜圈 3														
CoffeeBean_12	(NeckwearB5_Outline)	Outfit Neckwear B 5 Outline	Outfit Neckwear B Outline 5	服装 颈部装饰 B 轮廓 5	服裝 頸部裝飾 B 輪廓 5														
CoffeeBean_12	(StickyNoteText)	Dum Emote Sticker Writing	Sticky Note Text	表情贴纸 便签 文字	表情貼紙 便利貼 文字														
CoffeeBean_3	(SideHairA6_Gradient)	Hair Side 12 Colour	Hair Side 12	头发 侧面 12	頭髮 側面 12														
CoffeeBean_5	(PonytailA4_Gradient)	Ponytail 8 Colour	Hair Ponytail 8	头发 单马尾 8	頭髮馬尾辮 8														
CoffeeBean_8	(Ahoge_A4_Color)	Hair Ahoge 4 Colour	Hair Ahoge 4	头发呆毛4	頭髮呆毛 4														
CoffeeBean_12	(Gill2_Color)	Gill 1 Mid Colour	Gill 1 .2	腮 1 .2	鰓 1 .2														
CoffeeBean_8	(FacialHair_A7_Outline)	Facial Hair A 7 Outline	Facial Hair A Outline 7	胡子 A 轮廓 7	鬍子 A 輪廓 7														
CoffeeBean_6	(HatC1_Color)	Hat 6 + 7 Colour	Hat 6 + 7	帽子 6 + 7	帽子 6 + 7														
CoffeeBean_3	(SideHairA5_Color)	Hair Side 9 Colour	Hair Side 9	头发 侧面 9	頭髮 側面 9														
CoffeeBean_9	(LightStickHandle)	Lightstick Emote Handle	Lightstick Handle	荧光棒 把手	螢光棒 把手														
CoffeeBean_5	(Eye1_Spiral)	Dizzy Emote Eye 1 Spiral	Eye Spiral 1 + 2	眼睛 圈圈 1 + 2	眼睛 圈圈 1 + 2														
CoffeeBean_5	(EasterEgg2)	Easter Emote Egg 2	Easter 2	复活节 2	復活節 2														
CoffeeBean_5	(EasterEgg1)	Easter Emote Egg 1	Easter 1	复活节 1	復活節 1														
CoffeeBean_5	(HairClip5_Outline)	Hair Clip 5 Outline	Hair Clip Outline 5	发夹 轮廓 5	髮夾 輪廓 5														
CoffeeBean_4	(SideHairA8_Color)	Hair Side 15 Colour	Hair Side 15	头发 侧面 15	頭髮 側面 15														
CoffeeBean_5	(HairHighlight2_Outline)	Hair Highlight 2 << + 2 >> Outline	Hair Highlight Outline 2 << + 2 >>	挑染 轮廓 2 << + 2 >>	挑染 輪廓 2 << + 2 >>														
CoffeeBean_12	(Ahoge_A2_Color)	Hair Ahoge 2 Colour	Hair Ahoge 2	头发呆毛2	頭髮呆毛 2														
CoffeeBean_4	(SideHairB7_Outline)	Hair Side 29 + 30 Outline	Hair Side Outline 29 + 30	头发 侧面 轮廓 29 + 30	頭髮 側面 輪廓 29 + 30														
CoffeeBean_12	(AlertBits_Outline)	Alert Bits Emote Outline	Sticker Alert Outline 6	表情贴纸 通知/提示 轮廓 6	表情貼紙 通知/提示 輪廓 6														
CoffeeBean_5	(SunGlasses_Frame)	Sunglasses Emote	Sunglasses	太阳镜	太陽鏡														
CoffeeBean_5	(PonytailA4_Color)	Ponytail 7 Colour	Hair Ponytail 7	头发 单马尾 7	頭髮馬尾辮 7														
CoffeeBean_10	(HairHighlight2_Color)	Hair Highlight 2 << + 2 >> Colour	Hair Highlight 2 << + 2 >>	挑染 2 << + 2 >>	挑染 2 << + 2 >>														
CoffeeBean_3	(SideHairA5_Gradient)	Hair Side 10 Colour	Hair Side 10	头发 侧面 10	頭髮 側面 10														
CoffeeBean_3	(SideHairA6_Color)	Hair Side 11 Colour	Hair Side 11	头发 侧面 11	頭髮 側面 11														
CoffeeBean_7	(HairbandBack2_Color)	Hairband D 2 Colour	Hairband D 2	发带 D 2	髮帶 D 2														
CoffeeBean_9	(NeckwearB1_Outline)	Outfit Neckwear B 2 Back Outline	Outfit Neckwear B Outline 2	服装 颈部装饰 B 轮廓 2	服裝 頸部裝飾 B 輪廓 2														
CoffeeBean_11	(HairClip3_Outline)	Hair Clip 3 Outline	Hair Clip Outline 3	发夹 轮廓 3	髮夾 輪廓 3														
CoffeeBean	(Bill2)	Money Emote Bill 2	Bill 2	钞票 2	鈔票 2														
CoffeeBean_10	(Volume)	Mute Emote Speaker	Sticker Volume	表情贴纸 音量	表情貼紙 音量														
CoffeeBean_4	(FrameHair_A1_Color)	Hair Framing 1 Colour	Hair Framing 1 	头发 脸颊 1 	頭髮 臉頰 1 														
CoffeeBean_4	(FrameHair_A1_Gradient)	Hair Framing 2 Colour	Hair Framing 1 	头发 脸颊 1 	頭髮 臉頰 1 														
CoffeeBean_4	(Pigtail_C2_Color)	Hair Pigtail 23 Colour	Hair Pigtail 23	头发 马尾 23	頭髮 馬尾 23														
CoffeeBean_4	(Pigtail_C2_Gradient)	Hair Pigtail 24 Colour	Hair Pigtail 24	头发 马尾 24	頭髮 馬尾 24														
CoffeeBean_10	(WingF1_Lower_Outline)	Wing 9 Lower Outline	Wing Outline 9 .2	翅膀 轮廓 9 .2	翅膀 輪廓 9 .2														
CoffeeBean_10	(Glasses_Frame3)	Glasses 3	Glasses 3	眼镜 3	眼鏡 3														
CoffeeBean_10	(WingA2_Outline)	Wing 2 Outline	Wing Outline 2	翅膀 轮廓 2	翅膀 輪廓 2														
CoffeeBean_6	(PalmarGlove1_Outline)	Greeting 1 Emote Hand 2 Glove Outline	Hand 2 .1	手 2 .1	手 2 .1														
CoffeeBean_5	(Eye1_Sparkling)	Sparkling Emote Eye 1 Sparkle	Eye Sparkling 1	眼睛 星星 1	眼睛 星星 1														
CoffeeBean_7	(SideHairB2_Color)	Hair Side 19 Colour	Hair Side 19	头发 侧面 19	頭髮 側面 19														
CoffeeBean_7	(SideHairB2_Gradient)	Hair Side 20 Colour	Hair Side 20	头发 侧面 20	頭髮 側面 20														
CoffeeBean_4	(SideHairA1_Outline)	Hair Side 1 + 2 Outline	Hair Side Outline 1 + 2	头发 侧面 轮廓 1 + 2	頭髮 側面 輪廓 1 + 2														
CoffeeBean_7	(EarringA3_Color)	Earring 3 Colour	Earring 3	耳环 3	耳環 3														
CoffeeBean_7	(EarringA4_Color)	Earring 4 Colour	Earring 4	耳环 4	耳環 4														
CoffeeBean_6	(TailF_Outline)	Tail 15 + 16 + 17 + 18 + 24 + 25 Outline	Tail Outline 15 + 16 + 17 + 18 + 24 + 25	尾巴 轮廓 15 + 16 + 17 + 18 + 24 + 25	尾巴 輪廓 15 + 16 + 17 + 18 + 24 + 25														
CoffeeBean_10	(Halo2_Outline)	Halo 2 Outline	Halo Outline 2	光环 轮廓 2	光環 輪廓 2														
CoffeeBean_8	(HairBang4_Side_Outline)	Hair Bang 7 + 8 Outline	Hair Bang Outline 7 + 8	头发 刘海 轮廓 7 + 8	頭髮 瀏海 輪廓 7 + 8														
CoffeeBean_11	(TailD1_Outline)	Tail 11 Outline	Tail Outline 11	尾巴 轮廓 11	尾巴 輪廓 11														
CoffeeBean_10	(Pigtail_A8_Outline)	Hair Pigtail 15 + 16 Outline	Hair Pigtail Outline 15 + 16	头发 马尾 轮廓 15 + 16	頭髮 馬尾 輪廓 15 + 16														
CoffeeBean_10	(HairBang4_Middle_Outline)	Hair Bang 4 Mid Outline	Hair Bang >< Outline 4	头发 刘海 >< 轮廓 4	頭髮 瀏海 >< 輪廓 4														
CoffeeBean_6	(SideHairB2_Outline)	Hair Side 19 + 20 Outline	Hair Side Outline 19 + 20	头发 侧面 轮廓 19 + 20	頭髮 側面 輪廓 19 + 20														
CoffeeBean_6	(ShakeLine2)	Scared Emote Shake Line 2	Scared 2	害怕 2	害怕 2														
CoffeeBean_5	(EarringB2_Color)	Earring 7 Colour	Earring 7	耳环 7	耳環 7														
CoffeeBean_3	(TailA2_Color)	Tail 2 Colour	Tail 2	尾巴 2	尾巴 2														
CoffeeBean_3	(TailF_Color)	Tail 15 + 16 + 17 + 18 + 24 + 25 Colour	Tail 15 + 16 + 17 + 18 + 24 + 25	尾巴 15 + 16 + 17 + 18 + 24 + 25	尾巴 15 + 16 + 17 + 18 + 24 + 25														
CoffeeBean_6	(SideHairB6_Color)	Hair Side 27 Colour	Hair Side 27	头发 侧面 27	頭髮 側面 27														
CoffeeBean_12	(Controller)	Game Emote Controller	Controller	手柄	手柄														
CoffeeBean_11	(HairBang3_Middle_Gradient)	Hair Bang 6 Mid Colour	Hair Bang >< 6	头发 刘海 >< 6	頭髮 瀏海 >< 6														
CoffeeBean_11	(HairBang3_Middle_Color)	Hair Bang 5 Mid Colour	Hair Bang >< 5	头发 刘海 >< 5	頭髮 瀏海 >< 5														
CoffeeBean_9	(Face_Outline)	Face Outline																	
CoffeeBean_6	(Horn4_Color)	Horn 4 Colour	Horn 4	角 4	角 4														
CoffeeBean_7	(HatD1_Color)	Hat 8 Colour	Hat 8	帽子 8	帽子 8														
CoffeeBean_5	(PonytailA1_Gradient)	Ponytail 2 Colour	Hair Ponytail 2	头发 单马尾 2	頭髮馬尾辮 2														
CoffeeBean_6	(SideHairB4_Outline)	Hair Side 23 + 24 Outline	Hair Side Outline 23 + 24	头发 侧面 轮廓 23 + 24	頭髮 側面 輪廓 23 + 24														
CoffeeBean_7	(SideHairB6_Gradient)	Hair Side 28 Colour	Hair Side 28	头发 侧面 28	頭髮 側面 28														
CoffeeBean_9	(EarringA4_Outline)	Earring 4 Outline	Earring Outline 4	耳环 轮廓 4	耳環 輪廓 4														
CoffeeBean_8	(PopperConfetti1)	Celebration Emote Confetti 1	Confetti 1	彩纸 1	彩色紙屑 1														
CoffeeBean_8	(Collar1_Outline)	Outfit Collar Inner 1 Outline	Outfit Collar Outline 1	服装 领子 轮廓 1	服裝 領子 輪廓 1														
CoffeeBean_8	(FacialHair_B5_Outline)	Facial Hair B 5 Outline	Facial Hair B Outline 5	胡子 B 轮廓 5	鬍子 B 輪廓 5														
CoffeeBean_9	(EarringA2_Outline)	Earring 2 Outline	Earring Outline 2	耳环 轮廓 2	耳環 輪廓 2														
CoffeeBean_9	(TailF4_Outline)	Tail 18 Outline	Tail Outline 18	尾巴 轮廓 18	尾巴 輪廓 18														
CoffeeBean_9	(LightStickLight)	Lightstick Emote Light	Light Stick	荧光棒	螢光棒														
CoffeeBean_8	(HatA1_Outline)	Hat 1 + 2 Outline	Hat Outline 1 + 2	帽子 轮廓 1 + 2	帽子 輪廓 1 + 2														
CoffeeBean_8	(SideHairB1_Outline)	Hair Side 17 + 18 Outline	Hair Side Outline 17 + 18	头发 侧面 轮廓 17 + 18	頭髮 側面 輪廓 17 + 18														
CoffeeBean_11	(HairClip3_Color)	Hair Clip 3 Colour	Hair Clip 3	发夹 3	髮夾 3														
CoffeeBean_10	(NeckwearA4_Color)	Outfit Neckwear A 4 Colour	Outfit Neckwear A 4	服装 颈部装饰 A 4	服裝 頸部裝飾 A 4														
CoffeeBean_7	(NeckwearA5_Color)	Outfit Neckwear A 5 Colour	Outfit Neckwear A 5	服装 颈部装饰 A 5	服裝 頸部裝飾 A 5														
CoffeeBean_10	(WingC1_Lower_Outline)	Wing 5 Lower Outline	Wing Outline 5 .2	翅膀 轮廓 5 .2	翅膀 輪廓 5 .2														
CoffeeBean_10	(FrameHair_A2_Outline)	Hair Framing 3 + 4 Outline	Hair Framing Outline 3 + 4	头发 脸颊 轮廓 3 + 4	頭髮 臉頰 輪廓 3 + 4														
CoffeeBean_4	(HatB1_Outline)	Hat 3 Outline	Hat Outline 3	帽子 轮廓 3	帽子 輪廓 3														
CoffeeBean_11	(MagicWand)	Magic Emote Wand	Magic	魔法	魔法														
CoffeeBean_11	(HairBang2_Middle_Color)	Hair Bang 3 Mid Colour	Hair Bang >< 3	头发 刘海 >< 3	頭髮 瀏海 >< 3														
CoffeeBean_11	(HairBang2_Middle_Gradient)	Hair Bang 4 Mid Colour	Hair Bang >< 4	头发 刘海 >< 4	頭髮 瀏海 >< 4														
CoffeeBean_5	(Hairband5_Color)	Hairband B 3 Colour	Hairband B 3	发带 B 3	髮帶 B 3														
CoffeeBean_10	(TailE2_Outline)	Tail 13 Outline	Tail Outline 13	尾巴 轮廓 13	尾巴 輪廓 13														
CoffeeBean_5	(Brow5)	Brow 5	Brow 5	眉毛 5	眉毛 5														
CoffeeBean_8	(Tie1_Color)	Outfit Neckwear C 1 Colour	Outfit Neckwear C 1	服装 颈部装饰 C 1	服裝 頸部裝飾 C 1														
CoffeeBean_7	(WingF1_Lower_Color)	Wings 9 Outer Colour	Wing 9 .2	翅膀 9 .2	翅膀 9 .2														
CoffeeBean_10	(FrameHair_A4_Outline)	Hair Framing 7 + 8 Outline	Hair Framing Outline 7 + 8	头发 脸颊 轮廓 7 + 8	頭髮 臉頰 輪廓 7 + 8														
CoffeeBean_7	(PryBar)	Crowbar Emote	Crowbar	撬棍	撬棍														
CoffeeBean_4	(FacialHair_A2_Color)	Facial Hair A 2 Colour	Facial Hair A 2	胡子 A 2	鬍子 A 2														
CoffeeBean_12	(Outer2_Color)	Outfit Outer 2 Colour	Outfit Outer 2	服装 外侧 2	服裝 外側 2														
CoffeeBean	(Tie3_Outline)	Outfit Neckwear C 3 Outline	Outfit Neckwear C Outline 3	服装 颈部装饰 C 轮廓 3	服裝 頸部裝飾 C 輪廓 3														
CoffeeBean_11	(TailB4_Outline)	Tail 6 Outline	Tail Outline 6	尾巴 轮廓 6	尾巴 輪廓 6														
CoffeeBean_10	(HairShine3_Outline)	Hair Shine 6 Outline	Hair Shine Outline 6	头发 高光 轮廓 6	頭髮 高光 輪廓 6														
CoffeeBean_10	(AlertHeart_Color)	Alert Heart Emote Colour	Sticker Alert 1	表情贴纸 通知/提示 1	表情貼紙 通知/提示 1														
CoffeeBean_7	(WingD2_Lower_Outline)	Wing 7 Lower Outline	Wing Outline 7 .2	翅膀 轮廓 7 .2	翅膀 輪廓 7 .2														
CoffeeBean_6	(SideHairA1_Color)	Hair Side 1 Colour	Hair Side 1	头发 侧面 1	頭髮 側面 1														
CoffeeBean_8	(HatA1_Color)	Hat 1 + 2 Colour	Hat 1 + 2	帽子 1 + 2	帽子 1 + 2														
CoffeeBean_5	(SideHairB3_Color)	Hair Side 21 Colour	Hair Side 21	头发 侧面 21	頭髮 側面 21														
CoffeeBean_10	(FrameHair_A11_Gradient)	Hair Framing 22 Colour	Hair Framing 22	头发 脸颊 22	頭髮 臉頰 22														
CoffeeBean_4	(FrameHair_A11_Color)	Hair Framing 21 Colour	Hair Framing 21	头发 脸颊 21	頭髮 臉頰 21														
CoffeeBean_7	(SideHairB4_Gradient)	Hair Side 24 Colour	Hair Side 24	头发 侧面 24	頭髮 側面 24														
CoffeeBean_4	(SideHairA4_Outline)	Hair Side 7 + 8 Outline	Hair Side Outline 7 + 8	头发 侧面 轮廓 7 + 8	頭髮 側面 輪廓 7 + 8														
CoffeeBean_6	(SideHairA1_Gradient)	Hair Side 2 Colour	Hair Side 2	头发 侧面 2	頭髮 側面 2														
CoffeeBean_11	(CapeFront2_Color)	Cape Front 2 Colour	Cape Front 2	披风 前 2	披風 前 2														
CoffeeBean_11	(CapeFront5_Color)	Cape Front 5 Colour	Cape Front 5	披风 前 5	披風 前 5														
CoffeeBean_10	(CapeFront2_Outline)	Cape Front 2 Outline	Cape Front | Cape Outline 2	披风 前 | 披风 轮廓 2	披風 前 | 鬥篷 輪廓 2														
CoffeeBean_7	(SideHairB3_Outline)	Hair Side 21 + 22 Outline	Hair Side Outline 21 + 22	头发 侧面 轮廓 21 + 22	頭髮 側面 輪廓 21 + 22														
CoffeeBean_7	(SideHairB4_Color)	Hair Side 23 Colour	Hair Side 23	头发 侧面 23	頭髮 側面 23														
CoffeeBean_6	(SideHairB5_Gradient)	Hair Side 26 Colour	Hair Side 26	头发 侧面 26	頭髮 側面 26														
CoffeeBean_11	(TailB5_Color)	Tail 7 Colour	Tail 7	尾巴 7	尾巴 7														
CoffeeBean_11	(WingC1_Upper_Outline)	Wing 5 Top Outline	Wing Outline 5 .1	翅膀 轮廓 5 .1	翅膀 輪廓 5 .1														
CoffeeBean_11	(Mecha3_Outline)	Mecha 3 Outline	Mecha Outline 3	机械 轮廓 3	機械 輪廓 3														
CoffeeBean_12	(HairHighlight1_Color)	Hair Highlight 1 << + 1 >> Colour	Hair Highlight 1 << + 1 >> 	挑染 1 << + 1 >> 	挑染 1 << + 1 >> 														
CoffeeBean_12	(LoveLetter)	Love Letter Emote	Love Letter	情书	情書														
CoffeeBean_8	(Hairband6_Outline)	Hairband B 4 Outline	Hairband B Outline 4	发带 B 轮廓 4	髮帶 B 輪廓 4														
CoffeeBean_12	(MusicalNote1)	Sing Emote Note 1	Musical Note 1	音乐 音符 1	音樂 音符 1														
CoffeeBean_10	(PiercingA2_Outline)	Piercing A + B 2 Outline	Piercing Outline 2	耳钉 轮廓 2	耳釘 輪廓 2														
CoffeeBean_10	(StrawLiquid_Outline)	Drink Beverage Cup Emote Straw Liquid Outline	Beverage Cup 2	饮料杯 2	飲料杯 2														
CoffeeBean_12	(Eyepatch2_Color)	Eyepatch 3 + 4 Colour	Eyepatch 3 + 4	眼罩 3 + 4	眼罩 3 + 4														
CoffeeBean_11	(AnimalEar2_Front_Outline)	Animal Ear 2 Front Outline	Animal Ear Outline 2	兽耳轮廓 2	獸耳 輪廓 2														
CoffeeBean_6	(AnimalEar1_Fur_Color)	Animal Ear 1 Fur Colour	Animal Ear Fur 1	兽耳毛 1	獸耳 毛 1														
CoffeeBean_10	(EarringB3_Color)	Earring 8 Colour	Earring 8	耳环 8	耳環 8														
CoffeeBean_10	(Pigtail_A7_Gradient)	Hair Pigtail 14 Colour	Hair Pigtail 14	头发 马尾 14	頭髮 馬尾 14														
CoffeeBean_10	(AnimalEar5_Color)	Animal Ear 5 Colour	Animal Ear 5	兽耳 5	獸耳 5														
CoffeeBean_3	(EarringB4_Color)	Earring 4 Colour	Earring 4	耳环 4	耳環 4														
CoffeeBean_7	(HairClip2_Color)	Hair Clip 2 Colour	Hair Clip 2	发夹 2	髮夾 2														
CoffeeBean_12	(Glasses_Lens2)	Glasses Lens 2																	
CoffeeBean_9	(HairBang6_Side_Gradient)	Hair Bang 12 Colour	Hair Bang 12	头发 刘海 12	頭髮 瀏海 12														
CoffeeBean_11	(HairBang3_Middle_Outline)	Hair Bang 5 + 6 Mid Outline	Hair Bang >< Outline 5 + 6	头发 刘海 >< 轮廓 5 + 6	頭髮 瀏海 >< 輪廓 5 + 6														
CoffeeBean_6	(AnimalEar9_Outline)	Animal Ears 9 Outline	Animal Ear Outline 9	兽耳轮廓 9	獸耳 輪廓 9														
CoffeeBean_10	(HatB3_Color)	Hat 5 Colour	Hat 5	帽子 5	帽子 5														
CoffeeBean_9	(PiercingA1_Outline)	Piercing A + B 1 Outline	Piercing Outline 1	耳钉 轮廓 1	耳釘 輪廓 1														
CoffeeBean_5	(Brow8)	Brow 8	Brow 8	眉毛 8	眉毛 8														
CoffeeBean_12	(HairClip1_Outline)	Hair Clip 1 Outline	Hair Clip Outline 1	发夹 轮廓 1	髮夾 輪廓 1														
CoffeeBean_10	(Eyepatch1_Color)	Eyepatch 1 + 2 Colour	Eyepatch 1 + 2	眼罩 1 + 2	眼罩 1 + 2														
CoffeeBean_10	(NeckwearA1_Color)	Outfit Neckwear A 1 Colour	Outfit Neckwear A 1	服装 颈部装饰 A 1	服裝 頸部裝飾 A 1														
CoffeeBean_6	(Eye1_Eyelash)	Eye 1 Eyelash	Eyelashes 1 + 2	眼睛 睫毛 1 + 2	眼睛 睫毛 1 + 2														
CoffeeBean_3	(ShakeLine3)	Scared Emote Shake Line 3	Scared 3	害怕 3	害怕 3														
CoffeeBean_2	(WingE1_Upper_Outline)	Wing 8 Top Outline	Wing Outline 8 .1	翅膀 轮廓 8 .1	翅膀 輪廓 8 .1														
CoffeeBean_10	(PopperConfetti3)	Celebration Emote Confetti 3	Confetti 3	彩纸 3	彩色紙屑 3														
CoffeeBean_12	(Star)	Sparkling Emote + Drooling Emote Star	Sticker Star	表情贴纸 星星	表情貼紙 星星														
CoffeeBean_11	(HairBang1_Middle_Outline)	Hair Bang Mid 1 + 2 Outline	Hair Bang >< Outline 1 + 2	头发 刘海 >< 轮廓 1 + 2	頭髮 瀏海 >< 輪廓 1 + 2														
CoffeeBean_7	(SideHairA4_Gradient)	Hair Side 8 Colour	Hair Side 8	头发 侧面 8	頭髮 側面 8														
CoffeeBean_10	(PiercingA3_Outline)	Piercing A + B 3 Outline	Piercing Outline 3	耳钉 轮廓 3	耳釘 輪廓 3														
CoffeeBean_9	(FaceFeatureB4)	Face Feature B 4	Face Feature B 4	脸部特征 B 4	臉部特徵 B 4														
CoffeeBean_2	(EarringA3_Outline)	Earring 3 Outline	Earring Outline 3	耳环 轮廓 3	耳環 輪廓 3														
CoffeeBean_10	(TailF4_Color)	Tail 18 Colour	Tail 18	尾巴 18	尾巴 18														
CoffeeBean_10	(AnimalEar2_Fur_Color)	Animal Ear 2 Fur Colour	Animal Ear Fur 2	兽耳毛 2	獸耳 毛 2														
CoffeeBean_9	(AnimalEar3_Outline)	Animal Ear 3 Outline	Animal Ear Outline 3	兽耳轮廓 3	獸耳 輪廓 3														
CoffeeBean_9	(Straw)	Drink Beverage Cup Emote Straw	Beverage Cup 4	饮料杯 4	飲料杯 4														
CoffeeBean_6	(AnimalEar8_Outline)	Animal Ear 8 Outline	Animal Ear Outline 8	兽耳轮廓 8	獸耳 輪廓 8														
CoffeeBean_3	(AnimalEar6_Color)	Animal Ear 6 Colour	Animal Ear 6	兽耳 6	獸耳 6														
CoffeeBean_12	(TailF3_Color)	Tail 17 Colour	Tail 17	尾巴 17	尾巴 17														
CoffeeBean_10	(EarringB5_Outline)	Earring 10 Outline	Earring Outline 10	耳环 轮廓 10	耳環 輪廓 10														
CoffeeBean_11	(HairClip12_Color)	Hair Clip 12 Colour	Hair Clip 12	发夹 12	髮夾 12														
CoffeeBean_6	(Collar6_Color)	Collar 6 + 7 Colour	Outfit Collar Inner 6 + 7	服装 领子 里侧 6 + 7	服裝 領子 內側 6 + 7														
CoffeeBean_11	(AnimalEar6_Outline)	Animal Ear 6 Outline	Animal Ear Outline 6	兽耳轮廓 6	獸耳 輪廓 6														
CoffeeBean_11	(AnimalEar3_Color)	Animal Ears 3 Colour	Animal Ear 3	兽耳 3	獸耳 3														
CoffeeBean_6	(Brow3)	Brow 3	Brow 3	眉毛 3	眉毛 3														
CoffeeBean_12	(Glasses_Lens3)	Glasses Lens 3																	
CoffeeBean_10	(EarringB5_Color)	Earring 10 Colour	Earring 10	耳环 10	耳環 10														
CoffeeBean_10	(LaptopLight2)	Work Emote Laptop Light 2	Laptop Light 2	电脑 屏幕光 2	電腦 螢幕光 2														
CoffeeBean_3	(PhoneScreenPattern1)	Hypnosis Emote Heart	Phone Screen 1	手机 屏幕 1	手機 螢幕 1														
CoffeeBean_12	(TailF2_Color)	Tail 16 Colour	Tail 16	尾巴 16	尾巴 16														
CoffeeBean_10	(LaptopLight1)	Work Emote Laptop Light 1	Laptop Light 1	电脑 屏幕光 1	電腦 螢幕光 1														
CoffeeBean_10	(AnimalEar7_Color)	Animal Ear 7 Colour	Animal Ear 7	兽耳 7	獸耳 7														
CoffeeBean_10	(AnimalEar9_Color)	Animal Ear 9 Colour	Animal Ear 9	兽耳 9	獸耳 9														
CoffeeBean_9	(HairBang7_Middle_Outline)	Hair Bang Mid 13 + 14 Outline	Hair Bang >< Outline 13 + 14	头发 刘海 >< 轮廓 13 + 14	頭髮 瀏海 >< 輪廓 13 + 14														
CoffeeBean_8	(Hairband6_Color)	Hairband B 4 Colour	Hairband B 4	发带 B 4	髮帶 B 4														
CoffeeBean_12	(AnimalEar2_Back_Outline)	Animal Ear 2 Outline Outer Edge	Animal Ear Outline 2 .1	兽耳轮廓 2 .1	獸耳 輪廓 2 .1														
CoffeeBean_10	(HairClip1_Color)	Hair Clip 1 Colour	Hair Clip 1	发夹 1	髮夾 1														
CoffeeBean_4	(EarringB2_Outline)	Earring 7 Outline	Earring Outline 7	耳环 轮廓 7	耳環 輪廓 7														
CoffeeBean_8	(Middle_Color)	Hand Middle Colour	Hand 1 .7	手 1 .7	手 1 .7														
CoffeeBean_11	(AnimalEar5_Outline)	Animal Ear 5 Outline	Animal Ear Outline 5	兽耳轮廓 5	獸耳 輪廓 5														
CoffeeBean_7	(Hairband2_Color)	Hairband A 2 Colour	Hairband A 2	发带 A 2	髮帶 A 2														
CoffeeBean_8	(AnimalEar1_Front_Color)	Animal Ear 1 Front Colour	Animal Ear 1	兽耳 1	獸耳 1														
CoffeeBean_3	(Chopstick)	Chopsticks Emotes	Chopstick	筷子	筷子														
CoffeeBean_11	(AnimalEar2_Front_Color)	Animal Ear 2 Front Colour	Animal Ear 2	兽耳 2	獸耳 2														
CoffeeBean_10	(EarringB3_Outline)	Earring 8 Outline	Earring Outline 8	耳环 轮廓 8	耳環 輪廓 8														
CoffeeBean_12	(TailF1_Color)	Tail 15 Colour	Tail 15	尾巴 15	尾巴 15														
CoffeeBean_11	(AnimalEar4_Color)	Animal Ears 4 Colour	Animal Ear 4	兽耳 4	獸耳 4														
CoffeeBean_8	(HairBang4_Side_Color)	Hair Bang 7 Colour	Hair Bang 7	头发 刘海 7	頭髮 瀏海 7														
CoffeeBean_6	(SideHairB7_Gradient)	Hair Side 30 Colour	Hair Side 30	头发 侧面 30	頭髮 側面 30														
CoffeeBean_4	(SideHairB1_Color)	Hair Side 17 Colour	Hair Side 17	头发 侧面 17	頭髮 側面 17														
CoffeeBean_8	(FacialHair_A7_Color)	Facial Hair A 7 Colour	Facial Hair A 7	胡子 A 7	鬍子 A 7														
CoffeeBean_12	(HairClip4_Outline)	Hair Clip 4 Outline	Hair Clip Outline 4	发夹 轮廓 4	髮夾 輪廓 4														
CoffeeBean_10	(EarringB1_Outline)	Earring 6 Outline	Earring Outline 6	耳环 轮廓 6	耳環 輪廓 6														
CoffeeBean_6	(Index_Color)	Hand Index Colour	Hand 1 .8	手 1 .8	手 1 .8														
CoffeeBean_8	(PiercingA5_Outline)	Piercing 5 Outline	Piercing Outline 5	耳钉 轮廓 5	耳釘 輪廓 5														
CoffeeBean_11	(TailF1_Outline)	Tail 15 Outline	Tail Outline 15	尾巴 轮廓 15	尾巴 輪廓 15														
CoffeeBean_12	(AnimalEar1_Fur_Outline)	Animal Ear 1 Fur Outline	Animal Ear Fur Outline 1	兽耳毛轮廓 1	獸耳 毛輪廓 1														
CoffeeBean_4	(TailE3_Color)	Tail 14 Colour	Tail 14	尾巴 14	尾巴 14														
CoffeeBean_10	(AnimalEar1_Back_Color)	Animal Ear 1 Back Colour	Animal Ear 1 .1	兽耳 1 .1	獸耳 1 .1														
CoffeeBean_6	(AnimalEar2_Fur_Outline)	Animal Ear 2 Fluff Outline	Animal Ear Fur Outline 2	兽耳毛轮廓 2	獸耳 毛輪廓 2														
CoffeeBean_4	(CupSteam)	Work Tired Emote Cup Smoke	Cup Steam	咖啡杯 蒸汽	咖啡杯 蒸汽														
CoffeeBean_12	(AnimalEar2_Back_Color)	Animal Ear 2 Back Colour	Animal Ear 2 .1	兽耳 2 .1	獸耳 2 .1														
CoffeeBean_9	(AnimalEar8_Color)	Animal Ear 8 Colour	Animal Ear 8	兽耳 8	獸耳 8														
CoffeeBean_5	(EarringB4_Outline)	Earring 9 Outline	Earring Outline 9	耳环 轮廓 9	耳環 輪廓 9														
CoffeeBean_5	(Body_Color)	Body Colour																	
CoffeeBean_9	(FacialHair_A8_Outline)	Facial Hair A 8 Outline	Facial Hair A Outline 8	胡子 A 轮廓 8	鬍子 A 輪廓 8														
CoffeeBean_6	(SideHairB7_Color)	Hair Side 29 Colour	Hair Side 29	头发 侧面 29	頭髮 側面 29														
CoffeeBean_6	(SideHairA4_Color)	Hair Side 7 Colour	Hair Side 7	头发 侧面 7	頭髮 側面 7														
CoffeeBean_8	(SideHairB1_Gradient)	Hair Side 18 Colour	Hair Side 18	头发 侧面 18	頭髮 側面 18														
CoffeeBean_6	(BackHair3_Color)	Hair Rear 5 Colour	Hair Rear 5	头发 后侧 5	頭髮 後側 5														
CoffeeBean_5	(Pigtail_A5_Color)	Hair Pigtail 9 Colour	Hair Pigtail 9	头发 马尾 9	頭髮 馬尾 9														
CoffeeBean_5	(Pigtail_A5_Gradient)	Hair Pigtail 10 Colour	Hair Pigtail 10	头发 马尾 10	頭髮 馬尾 10														
CoffeeBean_10	(Pigtail_A2_Outline)	Hair Pigtail 3 + 4 Outline	Hair Pigtail Outline 3 + 4	头发 马尾 轮廓 3 + 4	頭髮 馬尾 輪廓 3 + 4														
CoffeeBean_10	(HairShine6_Outline)	Hair Shine 12 Outline	Hair Shine Outline 12	头发 高光 轮廓 12	頭髮 高光 輪廓 12														
CoffeeBean_11	(Antenna1_Outline)	Antenna 1 Outline	Antenna Outline 1	触角轮廓 1	觸角 輪廓 1														
CoffeeBean_10	(AlertLike_Outline)	Alert Like Emote Outline	Sticker Alert Outline 4	表情贴纸 通知/提示 轮廓 4	表情貼紙 通知/提示 輪廓 4														
CoffeeBean_8	(FacialHair_A5_Outline)	Facial Hair A 5 Outline	Facial Hair A Outline 5	胡子 A 轮廓 5	鬍子 A 輪廓 5														
CoffeeBean_7	(Horn5_Outline)	Horn 5 Outline	Horn Outline 5	角 轮廓 5	角 輪廓 5														
CoffeeBean_3	(FrameHair_A8_Color)	Hair Framing 15 Colour	Hair Framing 15	头发 脸颊 15	頭髮 臉頰 15														
CoffeeBean_4	(FrameHair_A8_Gradient)	Hair Framing 16 Colour	Hair Framing 16	头发 脸颊 16	頭髮 臉頰 16														
CoffeeBean_2	(FrameHair_Top_Color)	Frame Hair Top Colour																	
CoffeeBean_11	(HairBang5_Middle_Color)	Hair Bang 9 Mid Colour	Hair Bang >< 9	头发 刘海 >< 9	頭髮 瀏海 >< 9														
CoffeeBean_9	(HairShine1_Outline)	Hair Shine 2 Outline	Hair Shine Outline 2	头发 高光 轮廓 2	頭髮 高光 輪廓 2														
CoffeeBean_11	(WingG1_Inner_Outline)	Wing 10 Inner Outline	Wing Outline 10 .2	翅膀 轮廓 10 .2	翅膀 輪廓 10 .2														
CoffeeBean_12	(VideoCamera)	Caught in 4K Emote Video Camera	Video Camera	摄像机	攝影機														
CoffeeBean_7	(FrameHair_A7_Gradient)	Hair Framing 14 Colour	Hair Framing 14	头发 脸颊 14	頭髮 臉頰 14														
CoffeeBean_7	(FrameHair_A7_Color)	Hair Framing 13 Colour	Hair Framing 13	头发 脸颊 13	頭髮 臉頰 13														
CoffeeBean_4	(Index_Outline)	Hand Index Outline	Hand 1 .9	手 1 .9	手 1 .9														
CoffeeBean_4	(Mouth)	Mouth	Mouth	嘴	嘴														
CoffeeBean_11	(TailC3_Outline)	Tail 10 Outline	Tail Outline 10	尾巴 轮廓 10	尾巴 輪廓 10														
CoffeeBean_11	(Wing2_Outline)	Ear Wing 2 Outline	Ear Wing Outline 2	翅膀耳朵 轮廓 2	翅膀耳朵 輪廓 2														
CoffeeBean_10	(Wing1_Color)	Ear Wing 1 Colour	Ear Wing Outline 1	翅膀耳朵 轮廓 1	翅膀耳朵 輪廓 1														
CoffeeBean_11	(WingC1_Upper_Color)	Wing 5 Upper Colour	Wing Outline 5 .1	翅膀 轮廓 5 .1	翅膀 輪廓 5 .1														
CoffeeBean_12	(Main7_Color)	Outfit Inner 7 Colour	Outfit Inner 7	服装 里侧 7	服裝 內側 7														
CoffeeBean_12	(HairHighlight3_Color)	Hair Highlight 3 << + 3 >> Colour	Hair Highlight 3 << + 3 >>	挑染 3 << + 3 >>	挑染 3 << + 3 >>														
CoffeeBean_9	(Face_Color)	Face Colour																	
CoffeeBean_5	(HairHighlight4_Outline)	Hair Highlight Mid 1 + 2 Outline	Hair Highlight >< Outline 1 + 2	挑染 >< 轮廓 1 + 2	挑染 >< 輪廓 1 + 2														
CoffeeBean_10	(ErrorPopup)	Stops Working Emote Popup	Stops Working	停止工作	停止工作														
CoffeeBean_5	(TrashBinLid)	Trash Emote Lid	Trash Bin 2	垃圾桶 2	垃圾桶 2														
CoffeeBean_9	(BackHair1_Outline)	Hair Rear 1 + 2 Outline	Hair Rear Outline 1 + 2	头发 后侧 轮廓 1 + 2	頭髮 後側 輪廓 1 + 2														
CoffeeBean_7	(BackHair2_Outline)	Hair Rear 3 + 4 Outline	Hair Rear Outline 3 + 4	头发 后侧 轮廓 3 + 4	頭髮 後側 輪廓 3 + 4														
CoffeeBean_11	(Horn6_Color)	Horn 6 Colour	Horn 6	角 6	角 6														
CoffeeBean_11	(HairBang7_Middle_Color)	Hair Bang 13 Mid Colour	Hair Bang >< 13	头发 刘海 >< 13	頭髮 瀏海 >< 13														
CoffeeBean_9	(little_Outline)	Hand Little Finger Outline	Hand 1 .10	手 1 .10	手 1 .10														
CoffeeBean_9	(HornF1_Outline)	Horn Front 1 Outline																	
CoffeeBean_2	(TailC2_Outline)	Tail 9 Outline	Tail Outline 9	尾巴 轮廓 9	尾巴 輪廓 9														
CoffeeBean_12	(Outer2_Outline)	Outfit Outer 2 Outline	Outfit Outer Outline 2	服装 外侧 轮廓 2	服裝 外側 輪廓 2														
CoffeeBean_9	(BackHair3_Outline)	Hair Rear 5 + 6 Outline	Hair Rear Outline 5 + 6	头发 后侧 轮廓 5 + 6	頭髮 後側 輪廓 5 + 6														
CoffeeBean_10	(Tongue_Shadow)	Tongue Shadow																	
CoffeeBean_10	(Blush)	Blush	Face Blush	脸红	臉紅														
CoffeeBean_8	(FacialHair_B5_Color)	Facial Hair B 5 Colour	Facial Hair B 5 	胡子 B 5 	鬍子 B 5 														
CoffeeBean_10	(Knife)	Knife Emote Knife	Drooling (Fork&Knife) 2	馋(刀叉) 2	嘴饞(刀叉) 2														
CoffeeBean_9	(HairBang3_Side_Outline)	Hair Bang 5 + 6 Outline	Hair Bang Outline 5 + 6	头发 刘海 轮廓 5 + 6	頭髮 瀏海 輪廓 5 + 6														
CoffeeBean_9	(HairBang5_Side_Outline)	Hair Bang 9 + 10 Outline	Hair Bang Outline 9 + 10	头发 刘海 轮廓 9 + 10	頭髮 瀏海 輪廓 9 + 10														
CoffeeBean_11	(Horn7_Outline)	Horn 7 Outline	Horn Outline 7	角 轮廓 7	角 輪廓 7														
CoffeeBean_11	(PopcornBucket)	Eat Popcorn Emote Bucket	Eat (Popcorn) 1	吃(爆米花) 1	喫(爆米花) 1														
CoffeeBean_8	(Pigtail_A3_Outline)	Hair Pigtail 5 + 6 Outline	Hair Pigtail Outline 5 + 6	头发 马尾 轮廓 5 + 6	頭髮 馬尾 輪廓 5 + 6														
CoffeeBean_7	(Collar7_Color)	Outfit Collar Inner 8 Colour	Outfit Collar Inner 8	服装 领子 里侧 8	服裝 領子 內側 8														
CoffeeBean_6	(Hairband3_Color)	Hairband B 1 Colour	Hairband B 1	发带 B 1	髮帶 B 1														
CoffeeBean_8	(Hammer)	Bonk Emote Hammer	Hammer	锤子	錘子														
CoffeeBean_3	(Eye_Dum_Closed)	Eye Dum Closed																	
CoffeeBean_10	(TailE3_Outline)	Tail 14 Outline	Tail Outline 14	尾巴 轮廓 14	尾巴 輪廓 14														
CoffeeBean_5	(HairBang6_Side_Outline)	Hair Bang 11 + 12 Outline	Hair Bang Outline 11 + 12	头发 刘海 轮廓 11 + 12	頭髮 瀏海 輪廓 11 + 12														
CoffeeBean_7	(HairBang2_Side_Outline)	Hair Bang 3 + 4 Outline	Hair Bang Outline 3 + 4	头发 刘海 轮廓 3 + 4	頭髮 瀏海 輪廓 3 + 4														
CoffeeBean_9	(HairShine7_Outline)	Hair Shine 14 Outline	Hair Shine Outline 14	头发 高光 轮廓 14	頭髮 高光 輪廓 14														
CoffeeBean_8	(EyepatchBandage_Color)	Eyepatch 5 + 6 Bandage Colour	Eyepatch 5 + 6	眼罩 5 + 6	眼罩 5 + 6														
CoffeeBean_8	(EyepatchBandage_Outline)	Eyepatch 5 + 6 Bandage Outline	Eyepatch Outline 5 + 6	眼罩轮廓 5 + 6	眼罩輪廓 5 + 6														
CoffeeBean_8	(HairbandBack1_Color)	Hairband D 1 Colour	Hairband D 1	发带 D 1	髮帶 D 1														
CoffeeBean_9	(Hairband4_Outline)	Hairband B 2 Outline	Hairband B Outline 2	发带 B 轮廓 2	髮帶 B 輪廓 2														
CoffeeBean_3	(KeyboardKeyA)	Type Emote Keyboard Front Keys	Type Normal 1	打字(普通) 1	打字(普通) 1														
CoffeeBean_2	(Thumb_Outline)	Hand Thumb Outline	Hand 1 .11	手 1 .11	手 1 .11														
CoffeeBean_9	(FacialHair_B3_Color)	Facial Hair B 3 Colour	Facial Hair B 3	胡子 B 3	鬍子 B 3														
CoffeeBean_5	(Hairband2_Outline)	Hairband A 2 Outline	Hairband A Outline 2	发带 A 轮廓 2	髮帶 A 輪廓 2														
CoffeeBean_8	(HairbandBack1_Outline)	Hairband D 1 Outline	Hairband D Outline 1	发带 D 轮廓 1	髮帶 D 輪廓 1														
CoffeeBean_11	(TailB3_Color)	Tail 5 Colour	Tail 5	尾巴 5	尾巴 5														
CoffeeBean_6	(FrameHair_A7_Outline)	Hair Framing 13 + 14 Outline	Hair Framing Outline 13 + 14	头发 脸颊 轮廓 13 + 14	頭髮 臉頰 輪廓 13 + 14														
CoffeeBean_10	(FrameHair_A10_Color)	Hair Framing 19 Colour	Hair Framing 19	头发 脸颊 19	頭髮 臉頰 19														
CoffeeBean_10	(FrameHair_A10_Gradient)	Hair Framing 20 Colour	Hair Framing 20	头发 脸颊 20	頭髮 臉頰 20														
CoffeeBean_6	(FrameHair_A11_Outline)	Hair Framing 21 + 22 Outline	Hair Framing Outline 21 + 22	头发 脸颊 轮廓 21 + 22	頭髮 臉頰 輪廓 21 + 22														
CoffeeBean_4	(FrameHair_A9_Color)	Hair Framing 17 Colour	Hair Framing 17	头发 脸颊 17	頭髮 臉頰 17														
CoffeeBean_10	(FacialHair_A3_Color)	Facial Hair A 3 Colour	Facial Hair A 3	胡子 A 3	鬍子 A 3														
CoffeeBean_8	(BackHair1_Color)	Hair Rear 1 Colour	Hair Rear 1	头发 后侧 1	頭髮 後側 1														
CoffeeBean_10	(Laptop)	Work Emote Laptop	Laptop	电脑	電腦														
CoffeeBean_9	(EyepatchString_Color)	Eyepatch 1 + 2 + 3 + 4 String Colour																	
CoffeeBean_10	(SignRound)	Score Emote Sign	Round Sign	圆形标牌	圓形標牌														
CoffeeBean_8	(HairBang1_Side_Color)	Hair Bang 1 Colour	Hair Bang 1	头发 刘海 1	頭髮 瀏海 1														
CoffeeBean_8	(HairBang4_Side_Gradient)	Hair Bang 8 Colour	Hair Bang 8	头发 刘海 8	頭髮 瀏海 8														
CoffeeBean_5	(HairBang5_Side_Color)	Hair Bang 9 Colour	Hair Bang 9	头发 刘海 9	頭髮 瀏海 9														
CoffeeBean_9	(BackHair2_Color)	Hair Rear 3 Colour	Hair Rear 3	头发 后侧 3	頭髮 後側 3														
CoffeeBean_5	(Pigtail_A6_Outline)	Hair Pigtail 11 + 12 Outline	Hair Pigtail Outline 11 + 12	头发 马尾 轮廓 11 + 12	頭髮 馬尾 輪廓 11 + 12														
CoffeeBean_8	(Pigtail_A7_Outline)	Hair Pigtail 13 + 14 Outline	Hair Pigtail Outline 13 + 14	头发 马尾 轮廓 13 + 14	頭髮 馬尾 輪廓 13 + 14														
CoffeeBean_9	(Watermelon)	Eat Watermelon Emote	Eat (Watermelon)	吃(西瓜)	喫(西瓜)														
CoffeeBean_10	(Cheek2)	Cheek 2	Cheek 2	脸颊 2	臉頰 2														
CoffeeBean_10	(HairClip6_Color)	Hair Clip 6 Colour	Hair Clip 6	发夹 6	髮夾 6														
CoffeeBean_12	(Spoon)	Spoon Emote Spoon	Arrive (with Spoon)	到达(拿勺子)	到達(拿湯匙)														
CoffeeBean_11	(Tape)	Tape Emote Tape	Tape	胶带	膠帶														
CoffeeBean_9	(HatB2_Outline)	Hat 4 Outline	Hat Outline 4	帽子 轮廓 4	帽子 輪廓 4														
CoffeeBean_3	(HairShine2_Outline)	Hair Shine 4 Outline	Hair Shine Outline 4	头发 高光 轮廓 4	頭髮 高光 輪廓 4														
CoffeeBean_8	(HairBang1_Side_Gradient)	Hair Bang 2 Colour	Hair Bang 2	头发 刘海 2	頭髮 瀏海 2														
CoffeeBean_9	(HairBang2_Side_Color)	Hair Bang 3 Colour	Hair Bang 3	头发 刘海 3	頭髮 瀏海 3														
CoffeeBean_5	(HairBang5_Side_Gradient)	Hair Bang 10 Colour	Hair Bang 10	头发 刘海 10	頭髮 瀏海 10														
CoffeeBean_9	(BackHair2_Gradient)	Hair Rear 4 Colour	Hair Rear 4	头发 后侧 4	頭髮 後側 4														
CoffeeBean_9	(FrameHair_B3_Outline)	Hair Framing 28 Outline	Hair Framing Outline 28	头发 脸颊 轮廓 28	頭髮 臉頰 輪廓 28														
CoffeeBean_10	(FaceFeatureC1)	Face Feature C 1	Face Feature C 1	脸部特征 C 1	臉部特徵 C 1														
CoffeeBean_7	(Pigtail_A8_Color)	Hair Pigtail 15 Colour	Hair Pigtail 15	头发 马尾 15	頭髮 馬尾 15														
CoffeeBean_11	(NeckwearB4_Color)	Outfit Neckwear B 4 Colour	Outfit Neckwear B 4	服装 颈部装饰 B 4	服裝 頸部裝飾 B 4														
CoffeeBean_10	(WingE1_Lower_Color)	Wing 8 Lower Colour	Wing 8 .3	翅膀 8 .3	翅膀 8 .3														
CoffeeBean_10	(PhoneScreen)	Phone Emote Item Screen	Phone Screen 3	手机 屏幕 3	手機 螢幕 3														
CoffeeBean_6	(AngrySteam)	Angry Emote Steam	Sticker Steam	表情贴纸 气	表情貼紙 氣														
CoffeeBean_10	(Outer1_Color)	Outfit Outer 1 Colour	Outfit Outer 1	服装 外侧 1	服裝 外側 1														
CoffeeBean_12	(SideHair_Branch_C2_Outline)	Hair Side Branch C 2 Outline	Hair Side Branch C Outline 2	头发 侧面分叉 C 轮廓 2	頭髮 側面分叉 C 輪廓 2														
CoffeeBean_5	(Hairband4_Color)	Hairband B 2 Colour	Hairband B 2	发带 B 2	髮帶 B 2														
CoffeeBean_8	(Pigtail_A3_Color)	Hair Pigtail 5 Colour	Hair Pigtail 5	头发 马尾 5	頭髮 馬尾 5														
CoffeeBean_9	(BackHair3_Gradient)	Hair Rear 6 Colour	Hair Rear 6	头发 后侧 6	頭髮 後側 6														
CoffeeBean_9	(HairBang2_Side_Gradient)	Hair Bang 4 Colour	Hair Bang 4	头发 刘海 4	頭髮 瀏海 4														
CoffeeBean_9	(PixelSunglasses)	Sunglasses Emote Pixel	Pixel Sun Glasses	像素太阳镜	畫素太陽鏡														
CoffeeBean_3	(HatB1_Color)	Hat 3 Colour	Hat 3	帽子 3	帽子 3														
CoffeeBean_5	(FacialHair_B3_Outline)	Facial Hair B 3 Outline	Facial Hair B Outline 3	胡子 B 轮廓 3	鬍子 B 輪廓 3														
CoffeeBean_5	(CapeBack1_Color)	Cape Back 1 Colour	Cape Back 1	披风 后 1	披風 後 1														
CoffeeBean_11	(HairShine1_Color)	Hair Shine 1 + 2 Colour	Hair Shine 1 + 2	头发 高光 1 + 2	頭髮 高光 1 + 2														
CoffeeBean_11	(Palmar_Color)	Greeting 1 Emote Hand Palm Colour	Hand 1 .12	手 1 .12	手 1 .12														
CoffeeBean_12	(Ahoge_B1_Color)	Hair Ahoge 5 Colour	Hair Ahoge 5	头发呆毛5	頭髮呆毛 5														
CoffeeBean_12	(HatA2_Outline)	Hat 2 Fluff Outline	Hat Outline 2	帽子 轮廓 2	帽子 輪廓 2														
CoffeeBean_9	(Pigtail_A5_Outline)	Hair Pigtail 9 + 10 Outline	Hair Pigtail Outline 9 + 10	头发 马尾 轮廓 9 + 10	頭髮 馬尾 輪廓 9 + 10														
CoffeeBean_9	(Pigtail_A3_Gradient)	Hair Pigtail 6 Colour	Hair Pigtail 6	头发 马尾 6	頭髮 馬尾 6														
CoffeeBean_9	(HairBang3_Side_Color)	Hair Bang 5 Colour	Hair Bang 5	头发 刘海 5	頭髮 瀏海 5														
CoffeeBean_9	(HairBang3_Side_Gradient)	Hair Bang 6 Colour	Hair Bang 6	头发 刘海 6	頭髮 瀏海 6														
CoffeeBean_9	(HairShine4_Outline)	Hair Shine 8 Outline	Hair Shine Outline 8	头发 高光 轮廓 8	頭髮 高光 輪廓 8														
CoffeeBean_8	(BackHair1_Gradient)	Hair Rear 2 Colour	Hair Rear 2	头发 后侧 2	頭髮 後側 2														
CoffeeBean_10	(SignSquare)	Raid Emote Sign	Square Sign	方形标牌	方形標牌														
CoffeeBean_10	(Horn4_Outline)	Horn 4	Horn 4	角 4	角 4														
CoffeeBean_12	(PonytailB1_Gradient)	Ponytail 12 Colour	Hair Ponytail 12	头发 单马尾 12	頭髮馬尾辮 12														
CoffeeBean_12	(PonytailB1_Color)	Ponytail 11 Colour	Hair Ponytail 11	头发 单马尾 11	頭髮馬尾辮 11														
CoffeeBean_9	(FrameHair_A1_Outline)	Hair Framing 1 + 2 Outline	Hair Framing Outline 1 + 2	头发 脸颊 轮廓 1 + 2	頭髮 臉頰 輪廓 1 + 2														
CoffeeBean_10	(Collar7_Outline)	Outfit Collar Inner 8 Outline	Outfit Collar Outline 8	服装 领子 轮廓 8	服裝 領子 輪廓 8														
CoffeeBean_10	(NeckwearA3_Outline)	Outfit Neckwear A 3 Outline	Outfit Neckwear A Outline 3	服装 颈部装饰 A 轮廓 3	服裝 頸部裝飾 A 輪廓 3														
CoffeeBean_6	(NeckwearA2_Outline)	Outfit Neckwear A 2 Outline	Outfit Neckwear A Outline 2	服装 颈部装饰 A 轮廓 2	服裝 頸部裝飾 A 輪廓 2														
CoffeeBean_10	(TailA1_Outline)	Tail 1 Outline	Tail Outline 1	尾巴 轮廓 1	尾巴 輪廓 1														
CoffeeBean_10	(Horn3_Outline)	Horn 3 Outline	Horn Outline 3	角 轮廓 3	角 輪廓 3														
CoffeeBean_8	(Pigtail_A8_Gradient)	Hair Pigtail 16 Colour	Hair Pigtail 16	头发 马尾 16	頭髮 馬尾 16														
CoffeeBean_10	(SunglassesReflection)	Sunglasses Emote Reflection	Sunglasses Reflection	太阳镜反光	太陽鏡反光														
CoffeeBean_9	(NeckwearA6_Color)	Outfit Neckwear A 6 Colour	Outfit Neckwear A 6	服装 颈部装饰 A 6	服裝 頸部裝飾 A 6														
CoffeeBean_11	(Tie2_Outline)	Outfit Neckwear C 2 Outline	Outfit Neckwear C Outline 2	服装 颈部装饰 C 轮廓 2	服裝 頸部裝飾 C 輪廓 2														
CoffeeBean_10	(Halo4_Color)	Halo 5 + 6 Colour	Halo 5 + 6	光环 5 + 6	光環 5 + 6														
CoffeeBean_9	(FrameHair_A6_Color)	Hair Framing 11 Colour	Hair Framing 11	头发 脸颊 11	頭髮 臉頰 11														
CoffeeBean_9	(Middle_Outline)	Hand Middle Outline	Hand 1 .13	手 1 .13	手 1 .13														
CoffeeBean_8	(RedPacketCoin2)	Red Packet 1 Emote Coin 2	RedPacket 3	红包 3	紅包 3														
CoffeeBean_8	(NeckwearB5_Color)	Outfit Neckwear B 5 Colour	Outfit Neckwear B 5	服装 颈部装饰 B 5	服裝 頸部裝飾 B 5														
CoffeeBean_8	(Eye1_HighlightCry)	Cry Emote Eye 1 Highlight																	
CoffeeBean_10	(Collar3_Color)	Outfit Collar Inner 3 Colour	Outfit Collar Inner 3	服装 领子 里侧 3	服裝 領子 內側 3														
CoffeeBean_9	(TailC3_Color)	Tail 10 Colour	Tail 10	尾巴 10	尾巴 10														
CoffeeBean_2	(ElfEar_Color)	Elf Ear Colour																	
CoffeeBean_12	(Surprise)	Surprise Emote Effect	Sticker Surprise	表情贴纸 惊吓	表情貼紙 驚嚇														
CoffeeBean_10	(Gill3_Outline)	Gill 1 Lower Outline	Gill Outline 1 .3	腮 轮廓 1 .3	鰓 輪廓 1 .3														
CoffeeBean_10	(Pigtail_A4_Gradient)	Hair Pigtail 8 Colour	Hair Pigtail 8	头发 马尾 8	頭髮 馬尾 8														
CoffeeBean_7	(Pigtail_A1_Color)	Hair Pigtail 1 Colour	Hair Pigtail 1	头发 马尾 1	頭髮 馬尾 1														
CoffeeBean_12	(Eye_U)	Sleep UU Emote Eye U																	
CoffeeBean_12	(Cockroach)	Bug Emote Bug Body	Cockroach	蟑螂	蟑螂														
CoffeeBean_9	(Halo3_Outline)	Halo 3 Outline	Halo Outline 3	光环 轮廓 3	光環 輪廓 3														
CoffeeBean_2	(Wing3_Outline)	Ear Wing 3 Outline	Ear Wing Outline 3	翅膀耳朵 轮廓 3	翅膀耳朵 輪廓 3														
CoffeeBean_10	(Halo4_Outline)	Halo 5 + 6 Outline	Halo Outline 5 + 6	光环 轮廓 5 + 6	光環 輪廓 5 + 6														
CoffeeBean_11	(Wing3_Color)	Ear Wing 3 Colour	Ear Wing 3	翅膀耳朵 3	翅膀耳朵 3														
CoffeeBean_11	(WingD1_Outline)	Wing 6 Outline	Wing Outline 6	翅膀 轮廓 6	翅膀 輪廓 6														
CoffeeBean_10	(FacialHair_A1_Color)	Facial Hair A 1 Colour	Facial Hair A 1	胡子 A 1	鬍子 A 1														
CoffeeBean_5	(Ghost)	Dead Emote Ghost	Sticker Ghost	表情贴纸 幽灵	表情貼紙 幽靈														
CoffeeBean_10	(Hairband7_Outline)	Hairband C 1 Outline	Hairband C Outline 1	发带 C 轮廓 1	髮帶 C 輪廓 1														
CoffeeBean_11	(Horn6_Outline)	Horn 6 Outline	Horn Outline 6	角 轮廓 6	角 輪廓 6														
CoffeeBean_11	(HairHighlight3_Outline)	Hair Highlight 3 << + 3 >> Outline	Hair Highlight Outline 3 << + 3 >>	挑染 轮廓 3 << + 3 >>	挑染 輪廓 3 << + 3 >>														
CoffeeBean_10	(Glasses_Frame2)	Glasses 2	Glasses 2	眼镜 2	眼鏡 2														
CoffeeBean_12	(NeckwearA4_Outline)	Outfit Neckwear A 4 Outline	Outfit Neckwear A Outline 4	服装 颈部装饰 A 轮廓 4	服裝 頸部裝飾 A 輪廓 4														
CoffeeBean_12	(Ear_Color)	Ear Colour	Ear	耳朵	耳朵														
CoffeeBean_11	(HatB2_Color)	Hat 4 Colour	Hat 4	帽子 4	帽子 4														
CoffeeBean_10	(FacialHair_A4_Outline)	Facial Hair A 4 Outline	Facial Hair A Outline 4	胡子 A 轮廓 4	鬍子 A 輪廓 4														
CoffeeBean_11	(PonytailB1_Outline)	Ponytail 11 + 12 Outline	Hair Ponytail Outline 11 + 12	头发 单马尾 轮廓 11 + 12	頭髮馬尾辮輪廓 11 + 12														
CoffeeBean_10	(Collar1_Color)	Outfit Collar Inner 1 Colour	Outfit Collar Inner 1	服装 领子 里侧 1	服裝 領子 內側 1														
CoffeeBean_6	(CapeBack3_Outline)	Cape Back 3 Outline	Cape Back | Cape Outline 3	披风 后 | 披风 轮廓 3	披風 後 | 鬥篷 輪廓 3														
CoffeeBean_10	(Pigtail_A1_Outline)	Hair Pigtail 1 + 2 Outline	Hair Pigtail Outline 1 + 2	头发 马尾 轮廓 1 + 2	頭髮 馬尾 輪廓 1 + 2														
CoffeeBean_10	(Tie2_Color)	Outfit Neckwear C 2 Colour	Outfit Neckwear C 2	服装 颈部装饰 C 2	服裝 頸部裝飾 C 2														
CoffeeBean_10	(TailE1_Color)	Tail 12 Colour	Tail 12	尾巴 12	尾巴 12														
CoffeeBean_10	(PatHand)	Pat Emote Hand	Pat Hand	摸头手	摸頭手														
CoffeeBean_7	(Main6_Outline)	Outfit Inner 6 Outline	Outfit Inner Outline 6	服装 里侧 轮廓 6	服裝 內側 輪廓 6														
CoffeeBean_7	(Pigtail_A6_Color)	Hair Pigtail 11 Colour	Hair Pigtail 11	头发 马尾 11	頭髮 馬尾 11														
CoffeeBean_11	(Card)	Reverse Emote Card	Reverse	反转	反向														
CoffeeBean_4	(FacialHair_A8_Color)	Facial Hair A 8 Colour	Facial Hair A 8	胡子 A 8	鬍子 A 8														
CoffeeBean_2	(CapeBack2_Outline)	Cape Back 2 Outline	Cape Back | Cape Outline 2	披风 后 | 披风 轮廓 2	披風 後 | 鬥篷 輪廓 2														
CoffeeBean_3	(CapeFront6_Color)	Cape Front 6 Colour	Cape Front 6	披风 前 6	披風 前 6														
CoffeeBean_4	(PonytailB2_Gradient)	Ponytail 14 Colour	Hair Ponytail 14	头发 单马尾 14	頭髮馬尾辮 14														
CoffeeBean_11	(Megaphone)	Megaphone Emote Megaphone	Megaphone	扩音器	擴音器														
CoffeeBean_10	(Glasses_Frame1)	Glasses 1	Glasses 1	眼镜 1	眼鏡 1														
CoffeeBean_10	(Pigtail_B1_Outline)	Hair Pigtail 17 + 18 Outline	Hair Pigtail Outline 17 + 18	头发 马尾 轮廓 17 + 18	頭髮 馬尾 輪廓 17 + 18														
CoffeeBean_2	(Eye1_Dollar)	Money Emote Eye 1 Dollar	Eye Dollar 1 + 2	眼睛 钱 1 + 2	眼睛 錢 1 + 2														
CoffeeBean_4	(FaceFeatureA1)	Face Feature A 1	Face Feature A 1	脸部特征 A 1	臉部特徵 A 1														
CoffeeBean_4	(Eye1_Heart)	Luv 1 Emote Eye 1 Heart	Eye Heart 1 + 2	眼睛 爱心 1 + 2	眼睛 愛心 1 + 2														
CoffeeBean_4	(Collar2_Color)	Outfit Collar Inner 2 Colour	Outfit Collar Inner 2	服装 领子 里侧 2	服裝 領子 內側 2														
CoffeeBean_10	(Pigtail_A6_Gradient)	Hair Pigtail 12 Colour	Hair Pigtail 12	头发 马尾 12	頭髮 馬尾 12														
CoffeeBean_5	(FrameHair_B3_Gradient)	Hair Framing 28 Colour	Hair Framing 28	头发 脸颊 28	頭髮 臉頰 28														
CoffeeBean_5	(FrameHair_B3_Color)	Hair Framing 27 Colour	Hair Framing 27	头发 脸颊 27	頭髮 臉頰 27														
CoffeeBean_9	(FrameHair_TopBack_Outline)	Frame Hair Top Outline																	
CoffeeBean_3	(Horn5_Color)	Horn 5 Colour	Horn 5	角 5	角 5														
CoffeeBean_12	(Fork)	Drooling Fork&Knife Emote Fork	Drooling (Fork&Knife) 1	馋(刀叉) 1	嘴饞(刀叉) 1														
CoffeeBean_11	(SteeringWheel)	Drive Emote Steering Wheel	Steering Wheel	方向盘	方向盤														
CoffeeBean_9	(Hairband1_Color)	Hairband A 1 Colour	Hairband A 1	发带 A 1	髮帶 A 1														
CoffeeBean_11	(HatB3_Outline)	Hat 5 Outline	Hat Outline 5	帽子 轮廓 5	帽子 輪廓 5														
CoffeeBean_10	(FrameHair_A4_Color)	Hair Framing 7 Colour	Hair Framing 7	头发 脸颊 7	頭髮 臉頰 7														
CoffeeBean_12	(NeckwearB3_Color)	Neckwear B 3 Colour	Outfit Neckwear B 3	服装 颈部装饰 B 3	服裝 頸部裝飾 B 3														
CoffeeBean_12	(HammerEffect1)	Bonk Emote Hammer Effect 1	Hammer 1	锤子 1	錘子 1														
CoffeeBean_12	(HairHighlight6_Color)	Hair Highlight Mid 5 + 6 Colour	Hair Highlight >< 5 + 6	挑染 >< 5 + 6	挑染 >< 5 + 6														
CoffeeBean_3	(Pigtail_B2_Outline)	Hair Pigtail 19 + 20 Outline	Hair Pigtail Outline 19 + 20	头发 马尾 轮廓 19 + 20	頭髮 馬尾 輪廓 19 + 20														
CoffeeBean_4	(WingF1_Upper_Outline)	Wing 9 Upper Outline	Wing Outline 9 .1	翅膀 轮廓 9 .1	翅膀 輪廓 9 .1														
CoffeeBean_3	(Pigtail_A2_Gradient)	Hair Pigtail 4 Colour	Hair Pigtail 4	头发 马尾 4	頭髮 馬尾 4														
CoffeeBean_9	(RedPacketCoin3)	Red Packet 1 Emote Coin 3	RedPacket 2	红包 2	紅包 2														
CoffeeBean_10	(FrameHair_A9_Gradient)	Hair Framing 18 Colour	Hair Framing 18	头发 脸颊 18	頭髮 臉頰 18														
CoffeeBean_10	(TrashBin)	Trash Bin Bottom	Trash Bin 1	垃圾桶 1	垃圾桶 1														
CoffeeBean_5	(FacialHair_A2_Outline)	Facial Hair A 2 Outline	Facial Hair A Outline 2	胡子 A 轮廓 2	反向														
CoffeeBean_8	(Tongue1)	Lick Emote Tongue Base																	
CoffeeBean_4	(HairShine4_Color)	Hair Shine 7 + 8 Colour	Hair Shine 7 + 8	头发 高光 7 + 8	頭髮 高光 7 + 8														
CoffeeBean_8	(Toilet)	Paid Break Emote Toilet	Toilet	马桶	馬桶														
CoffeeBean_11	(FrameHair_A5_Gradient)	Hair Framing 10 Colour	Hair Framing 10	头发 脸颊 10	頭髮 臉頰 10														
CoffeeBean_5	(CapeFront6_Outline)	Cape Front 6 Outline	Cape Front | Cape Outline 6	披风 前 | 披风 轮廓 6	披風 前 | 鬥篷 輪廓 6														
CoffeeBean_11	(FrameHair_A5_Color)	Hair Framing 9 Colour	Hair Framing 9	头发 脸颊 9	頭髮 臉頰 9														
CoffeeBean_10	(CapeBack2_Color)	Cape Back 2 Colour	Cape Back 2	披风 后 2	披風 後 2														
CoffeeBean_10	(SunGlasses_Lens)	Sunglasses Lens																	
CoffeeBean_7	(FrameHair_A9_Outline)	Hair Framing 17 + 18 Outline	Hair Framing Outline 17 + 18	头发 脸颊 轮廓 17 + 18	頭髮 臉頰 輪廓 17 + 18														
CoffeeBean_12	(Main8_Outline)	Outfit Inner 8 Outline	Outfit Inner Outline 8	服装 里侧 轮廓 8	服裝 內側 輪廓 8														
CoffeeBean_10	(Pigtail_A4_Color)	Hair Pigtail 7 Colour	Hair Pigtail 7	头发 马尾 7	頭髮 馬尾 7														
CoffeeBean_3	(KeyboardKeyB)	Type Emote Keyboard Back Keys	Type Normal 2	打字(普通) 2	打字(普通) 2														
CoffeeBean_10	(Tie3_Color)	Outfit Neckwear C 3 Colour	Outfit Neckwear C 3	服装 颈部装饰 C 3	服裝 頸部裝飾 C 3														
CoffeeBean_8	(Nose2)	Nose 2	Nose 2	鼻子 2	鼻子 2														
CoffeeBean_8	(FacialHair_A5_Color)	Facial Hair A 5 Colour	Facial Hair A 5	胡子 A 5	鬍子 A 5														
CoffeeBean_5	(EyepatchString_Outline)	Eyepatch 1 + 2 + 3 + 4 String Outline																	
CoffeeBean_3	(AlertCustom_Color)	Custom Alert Colour	Sticker Alert 2	表情贴纸 通知/提示 2	表情貼紙 通知/提示 2														
CoffeeBean_9	(AlertCustom_Outline)	Custom Alert Outline	Sticker Alert Outline 2	表情贴纸 通知/提示 轮廓 2	表情貼紙 通知/提示 輪廓 2														
CoffeeBean_2	(SideHair_Branch_A2_Outline)	Hair Side Branch A 2 Outline	Hair Side Branch A Outline 2	头发 侧面分叉 A 轮廓 2	頭髮 側面分叉 A 輪廓 2														
CoffeeBean_12	(Horn1_Color)	Horn 1 Colour	Horn 1	角 1	角 1														
CoffeeBean_11	(Outer3_Outline)	Outfit Outer 3 Outline	Outfit Outer Outline 3	服装 外侧 轮廓 3	服裝 外側 輪廓 3														
CoffeeBean_11	(SideHair_Branch_B1_Outline)	Hair Side Branch B 1 Outline	Hair Side Branch B Outline 1	头发 侧面分叉 B 轮廓 1	頭髮 側面分叉 B 輪廓 1														
CoffeeBean_12	(ElfEar_Outline)	Elf Ear Outline																	
CoffeeBean_7	(Outer4_Color)	Outfit Outer 4 Colour	Outfit Outer 4	服装 外侧 4	服裝 外側 4														
CoffeeBean_11	(Outer3_Color)	Outfit Outer 3 Colour	Outfit Outer 3	服装 外侧 3	服裝 外側 3														
CoffeeBean_12	(HairHighlight5_Outline)	Hair Highlight Mid 3 + 4 Outline	Hair Highlight >< Outline 3 +4	挑染 >< 轮廓 3 +4	挑染 >< 輪廓 3 +4														
CoffeeBean_12	(SideHair_Branch_C1_Outline)	Hair Side Branch C 1 Outline	Hair Side Branch C Outline 1	头发 侧面分叉 C 轮廓 1	頭髮 側面分叉 C 輪廓 1														
CoffeeBean_9	(Stylus)	Tablet Emote Pen	Stylus	手写笔	手寫筆														
CoffeeBean_12	(Tear2_Outline)	Cry 3 Emote Tear Outline	Eye Tear 3	眼睛 眼泪 3	眼睛 眼淚 3														
CoffeeBean_6	(Donut1)	Eat Donut Emote Donut 1	Donut 1	甜甜圈 1	甜甜圈 1														
CoffeeBean_11	(Donut2)	Eat Donut Emote Donut 2	Donut 2	甜甜圈 2	甜甜圈 2														
CoffeeBean_12	(SideHair_Branch_A1_Outline)	Hair Side Branch A 1 Outline	Hair Side Branch A Outline 1	头发 侧面分叉 A 轮廓 1	頭髮 側面分叉 A 輪廓 1														
CoffeeBean_11	(Eye1_Light)	Eye 1 Light	Eye Iris Light 1 + 2	眼睛 虹膜浅色 1 + 2	眼睛 虹膜淺色 1 + 2														
CoffeeBean_12	(Angry2)	Angry Emote Angry Line 2	Sticker Angry 2	表情贴纸 生气 2	表情貼紙 生氣 2														
CoffeeBean_10	(WingF1_Upper_Color)	Wings 9 Inner Colour	Wing 9 .1	翅膀 9 .1	翅膀 9 .1														
CoffeeBean_2	(NeckwearB2_Color)	Outfit Neckwear B 1 + 2 Bow Colour	Outfit Neckwear B 1 + 2	服装 颈部装饰 B 1 + 2	服裝 頸部裝飾 B 1 + 2														
CoffeeBean_11	(SideHair_Branch_A1_Color)	Hair Side Branch A 1 Colour	Hair Side Branch A 1	头发 侧面分叉 A 1	頭髮 側面分叉 A 1														
CoffeeBean_8	(SignRoundText1)	Score 10 Emote 10	Round Sign Text	圆形标牌 文字	圓形標牌 文字														
CoffeeBean_10	(Collar2_Outline)	Outfit Collar Inner 2 Outline	Outfit Collar Outline 2	服装 领子 轮廓 2	服裝 領子 輪廓 2														
CoffeeBean_12	(MusicalNote2)	Sing Emote Note 2	Musical Note 2	音乐 音符 2	音樂 音符 2														
CoffeeBean_12	(FacialHair_B4_Color)	Facial Hair B 4 Colour	Facial Hair B 4	胡子 B 4	鬍子 B 4														
CoffeeBean_12	(Mecha2_Color)	Mecha 2 Colour	Mecha 2	机械 2	機械 2														
CoffeeBean_12	(Six)	Six Seven Emote Six	Number Six	数字 6	六號														
CoffeeBean_10	(PointHand)	Laugh Point Emote Hand	Point Hand	指人手	指人手														
CoffeeBean_12	(HairClip8_Color)	Hair Clip 8 Colour	Hair Clip 8	发夹 8	髮夾 8														
CoffeeBean_12	(FaceFeatureB1)	Face Feature B 1	Face Feature B 1	脸部特征 B 1	臉部特徵 B 1														
CoffeeBean_12	(Pigtail_B2_Gradient)	Hair Pigtail 20 Colour	Hair Pigtail 20	头发 马尾 20	頭髮 馬尾 20														
CoffeeBean_11	(Main8_Color)	Outfit Inner 8 Colour	Outfit Inner 8	服装 里侧 8	服裝 內側 8														
CoffeeBean_9	(Tear2_Color)	Cry 3 Emote Tear Colour	Eye Tear 2	眼睛 眼泪 2	眼睛 眼淚 2														
CoffeeBean_12	(Eye3_Dark)	Eye 3 Dark	Eye Iris Dark 3	眼睛 虹膜深色 3	眼睛 虹膜深色 3														
CoffeeBean_11	(Outer4_Outline)	Outfit Outer 4 Outline	Outfit Outer Outline 4	服装 外侧 轮廓 4	服裝 外側 輪廓 4														
CoffeeBean_12	(Glasses_Lens1)	Glasses 1 Lens																	
CoffeeBean_12	(WingA3_Outline)	Wing 3 Outline	Wing Outline 3	翅膀 轮廓 3	翅膀 輪廓 3														
CoffeeBean_11	(Ahoge_B2_Color)	Hair Ahoge 6 Colour	Hair Ahoge 6	头发呆毛6	頭髮呆毛 6														
CoffeeBean_12	(CapeFront1_Outline)	Cape Front 1 Outline	Cape Front | Cape Outline 1	披风 前 | 披风 轮廓 1	披風 前 | 鬥篷 輪廓 1														
CoffeeBean_12	(Cake)	Cake Emote Cake	Cake	蛋糕	蛋糕														
CoffeeBean_11	(WingD1_Color)	Wing 6 Colour	Wing 6	翅膀 6	翅膀 6														
CoffeeBean_12	(Pigtail_B1_Gradient)	Hair Pigtail 18 Colour	Hair Pigtail 18	头发 马尾 18	頭髮 馬尾 18														
CoffeeBean_11	(Outer7_Color)	Outfit Outer 7 Colour	Outfit Outer 7	服装 外侧 7	服裝 外側 7														
CoffeeBean_11	(Ahoge_B1_Outline)	Hair Ahoge 5 Outline	Hair Ahoge Outline 5	头发呆毛轮廓 5	頭髮呆毛輪廓 5														
CoffeeBean_12	(HornM1_Outline)	Horn Front >< 1 Outline	Horn Front >< Outline 1	角 前 >< 轮廓 1	角 前 >< 輪廓 1														
CoffeeBean_10	(HornF2_Color)	Horn Front 2 Colour	Horn Front 2	角 前 2	角 前 2														
CoffeeBean_10	(CapeFront4_Color)	Cape Front 4 Colour	Cape Front 4	披风 前 4	披風 前 4														
CoffeeBean_10	(FrameHair_Branch_A3_Color)	Hair Branch 3 Colour	Hair Branch 3	头发 分叉 3	頭髮 分叉 3														
CoffeeBean_12	(Main2_Outline)	Outfit Inner 2 Outline	Outfit Inner Outline 2	服装 里侧 轮廓 2	服裝 內側 輪廓 2														
CoffeeBean_11	(Wing1_Outline)	Ear Wing 1 Outline	Ear Wing Outline 1	翅膀耳朵 轮廓 1	翅膀耳朵 輪廓 1														
CoffeeBean_11	(WingD2_Upper_Outline)	Wing 7 Upper Outline	Wing Outline 7 .1	翅膀 轮廓 7 .1	翅膀 輪廓 7 .1														
CoffeeBean_11	(Mecha4_Color)	Mecha 4 Colour	Mecha 4	机械 4	機械 4														
CoffeeBean_12	(Horn1_Outline)	Horn 1 Outline	Horn Outline 1	角 轮廓 1	角 輪廓 1														
CoffeeBean_5	(WingA2_Color)	Wing 2 Colour	Wing 2	翅膀 2	翅膀 2														
CoffeeBean_11	(EasterEggBasket)	Easter Emote Basket	Easter 4	复活节 4	復活節 4														
CoffeeBean_11	(Mecha4_Outline)	Mecha 4 Outline	Mecha Outline 4	机械 轮廓 4	機械 輪廓 4														
CoffeeBean_6	(Antenna2_Color)	Antenna 2 Colour	Antenna 2	触角 2	觸角 2														
CoffeeBean_11	(Mecha1_Color)	Mecha 1 Colour	Mecha 1	机械 1	機械 1														
CoffeeBean_7	(Ahoge_A3_Outline)	Hair Ahoge 3 Outline	Hair Ahoge Outline 3	头发呆毛轮廓 3	頭髮呆毛輪廓 3														
CoffeeBean_12	(Main1_Outline)	Outfit Inner 1 Outline	Outfit Inner Outline 1	服装 里侧 轮廓 1	服裝 內側 輪廓 1														
CoffeeBean_11	(Horn2_Color)	Horn 2 Colour	Horn 2	角 2	角 2														
CoffeeBean_11	(HairBang4_Middle_Gradient)	Hair Bang 8 Mid Colour	Hair Bang >< 8	头发 刘海 >< 8	頭髮 瀏海 >< 8														
CoffeeBean_11	(CapeFront3_Color)	Cape Front 3 Colour	Cape Front 3	披风 前 3	披風 前 3														
CoffeeBean_3	(Notepad)	Noted Emote	Notepad	记事本	記事本														
CoffeeBean_6	(Outer5_Color)	Outfit Outer 5 Colour	Outfit Outer 5	服装 外侧 5	服裝 外側 5														
CoffeeBean_12	(WingA3_Color)	Wing 3 Colour	Wing 3	翅膀 3	翅膀 3														
CoffeeBean_3	(WingB1_Color)	Wing 4 Colour	Wing 4	翅膀 4	翅膀 4														
CoffeeBean_7	(Pistol)	Gun Emote Pistol	Gun	枪	槍														
CoffeeBean_11	(Horn7_Color)	Horn 7 Colour	Horn 7	角 7	角 7														
CoffeeBean_11	(Bottle)	Coke Shake Emote Bottle	Coke Shake	摇可乐	可樂奶昔														
CoffeeBean_11	(Outer6_Color)	Outfit Outer 6 Colour	Outfit Outer 6	服装 外侧 6	服裝 外側 6														
CoffeeBean_6	(Laugh2)	Laugh Line 2	Sticker Laugh 2	表情贴纸 笑 2	表情貼紙 笑 2														
CoffeeBean_9	(FrameHair_B1_Gradient)	Hair Framing 24 Colour	Hair Framing 24	头发 脸颊 24	頭髮 臉頰 24														
CoffeeBean_12	(Outer5_Outline)	Outfit Outer 5 Outline	Outfit Outer Outline 5	服装 外侧 轮廓 5	服裝 外側 輪廓 5														
CoffeeBean_6	(FrameHair_Top_Outline)	Hair Framing Upper Outline																	
CoffeeBean_5	(WingG1_Inner_Color)	Wings 10 Inner Colour	Wing 10 .2	翅膀 10 .2	翅膀 10 .2														
CoffeeBean_11	(HairBang5_Middle_Outline)	Hair Bang 9 + 10 Mid Outline	Hair Bang >< Outline 9 + 10	头发 刘海 >< 轮廓 9 + 10	頭髮 瀏海 >< 輪廓 9 + 10														
CoffeeBean_10	(Beer)	Cheers Emote Drink	Cheers	干杯	乾杯														
CoffeeBean_11	(HairBang4_Middle_Color)	Hair Bang 7 Mid Colour	Hair Bang >< 7	头发 刘海 >< 7	頭髮 瀏海 >< 7														
CoffeeBean_12	(TailE1_Outline)	Tail 12 Outline	Tail Outline 12	尾巴 轮廓 12	尾巴 輪廓 12														
CoffeeBean_8	(TailC2_Color)	Tail 9 Colour	Tail 9	尾巴 9	尾巴 9														
CoffeeBean_10	(HornF2_Outline)	Horn 9 Outline	Horn Outline 9	角 轮廓 9	角 輪廓 9														
CoffeeBean_11	(HairBang2_Middle_Outline)	Hair Bang 3 + 4 Mid Outline	Hair Bang >< Outline 3 + 4	头发 刘海 >< 轮廓 3 + 4	頭髮 瀏海 >< 輪廓 3 + 4														
CoffeeBean_11	(Ahoge_B2_Outline)	Hair Ahoge 6 Outline	Hair Ahoge Outline 6	头发呆毛轮廓 6	頭髮呆毛輪廓 6														
CoffeeBean_12	(Bell)	Bell Emote Bell	Bell 2	铃铛 2	鈴鐺 2														
CoffeeBean_12	(FrameHair_Branch_A3_Outline)	Hair Branch 3 Outline	Hair Branch Outline 3	头发 分叉 轮廓 3	頭髮 分叉 輪廓 3														
CoffeeBean_11	(FrameHair_A3_Color)	Hair Framing 5 Colour	Hair Framing 5	头发 脸颊 5	頭髮 臉頰 5														
CoffeeBean_11	(FrameHair_A3_Gradient)	Hair Framing 6 Colour	Hair Framing 6	头发 脸颊 6	頭髮 臉頰 6														
CoffeeBean_9	(Horn2_Outline)	Horn 2 Outline	Horn Outline 2	角 轮廓 2	角 輪廓 2														
CoffeeBean_11	(Outer6_Outline)	Outfit Outer 6 Outline	Outfit Outer Outline 6	服装 外侧 轮廓 6	服裝 外側 輪廓 6														
CoffeeBean_5	(WingD2_Upper_Color)	Wing 7 Upper Colour	Wing 7 .1	翅膀 7 .1	翅膀 7 .1														
CoffeeBean_6	(Antenna2_Outline)	Antenna 2 Outline	Antenna Outline 2	触角轮廓 2	觸角 輪廓 2														
CoffeeBean_10	(TailB5_Outline)	Tail 7 Outline	Tail Outline 7	尾巴 轮廓 7	尾巴 輪廓 7														
CoffeeBean_11	(HairBang5_Middle_Gradient)	Hair Bang 10 Mid Colour	Hair Bang >< 10	头发 刘海 >< 10	頭髮 瀏海 >< 10														
CoffeeBean_9	(HairBang1_Middle_Color)	Hair Bang 1 Mid Colour	Hair Bang >< 1	头发 刘海 >< 1	頭髮 瀏海 >< 1														
CoffeeBean_11	(QuestionMark)	Question Emote Question Mark	Sticker Question Mark	表情贴纸 问号	表情貼紙 問號														
CoffeeBean_10	(Horn3_Color)	Horn 3 Colour	Horn 3	角 3	角 3														
CoffeeBean_11	(SignSquareText1)	Raid Emote Text	Square Sign Text	方形标牌 文字	方形標牌 文字														
CoffeeBean_11	(Antenna1_Color)	Antenna 1 Colour	Antenna 1	触角 1	觸角 1														
CoffeeBean_11	(FrameHair_A2_Gradient)	Hair Framing 4 Colour	Hair Framing 4	头发 脸颊 4	頭髮 臉頰 4														
CoffeeBean_12	(HairHighlight1_Outline)	Hair Highlight 1 << + 1 >> Outline	Hair Highlight Outline 1 << + 1 >>	挑染 轮廓 1 << + 1 >>	挑染 輪廓 1 << + 1 >>														
CoffeeBean_8	(TailD1_Color)	Tail 11 Colour	Tail 11	尾巴 11	尾巴 11														
CoffeeBean_10	(HairBang6_Middle_Outline)	Hair Bang 11 + 12 Mid Outline	Hair Bang >< Outline 11 + 12	头发 刘海 >< 轮廓 11 + 12	頭髮 瀏海 >< 輪廓 11 + 12														
CoffeeBean_11	(HairBang7_Middle_Gradient)	Hair Bang 14 Mid Colour	Hair Bang >< 14	头发 刘海 >< 14	頭髮 瀏海 >< 14														
CoffeeBean_11	(HairBang6_Middle_Color)	Hair Bang 11 Mid Colour	Hair Bang >< 11	头发 刘海 >< 11	頭髮 瀏海 >< 11														
CoffeeBean_11	(HairBang6_Middle_Gradient)	Hair Bang 12 Mid Colour	Hair Bang >< 12	头发 刘海 >< 12	頭髮 瀏海 >< 12														
CoffeeBean_11	(CapeFront4_Outline)	Cape Front 4 Outline	Cape Front | Cape Outline 4	披风 前 | 披风 轮廓 4	披風 前 | 鬥篷 輪廓 4														
CoffeeBean_11	(FrameHair_A2_Color)	Hair Framing 3 Colour	Hair Framing 3	头发 脸颊 3	頭髮 臉頰 3														
CoffeeBean_6	(FacialHair_A1_Outline)	Facial Hair A 1 Outline	Facial Hair A Outline 1	胡子 A 轮廓 1	鬍子 A 輪廓 1														
CoffeeBean_10	(HairBang1_Middle_Gradient)	Hair Bang 2 Mid Colour	Hair Bang >< 2	头发 刘海 >< 2	頭髮 瀏海 >< 2														
CoffeeBean_11	(HornM1_Color)	Horn Front >< 1 Colour	Horn Front >< 1	角 前 >< 1	角 前 >< 1														
CoffeeBean_11	(TailB4_Color)	Tail 6 Colour	Tail 6	尾巴 6	尾巴 6														
CoffeeBean_6	(TailB2_Color)	Tail 4 Colour	Tail 4	尾巴 4	尾巴 4														
CoffeeBean_12	(Pigtail_B2_Color)	Hair Pigtail 19 Colour	Hair Pigtail 19	头发 马尾 19	頭髮 馬尾 19														
CoffeeBean_7	(Fin1_Color)	Fin 1 Colour	Fin 1	鳍 1	鰭 1														
CoffeeBean_3	(TailB3_Outline)	Tail 5 Outline	Tail Outline 5	尾巴 轮廓 5	尾巴 輪廓 5														
CoffeeBean_6	(Halo1_Color)	Halo 1 Colour	Halo 1	光环 1	光環 1														
CoffeeBean_11	(TailB2_Outline)	Tail 4 Outline	Tail Outline 4	尾巴 轮廓 4	尾巴 輪廓 4														
CoffeeBean_10	(FrameHair_A3_Outline)	Hair Framing 5 + 6 Outline	Hair Framing Outline 5 + 6	头发 脸颊 轮廓 5 + 6	頭髮 臉頰 輪廓 5 + 6														
CoffeeBean_8	(FrameHair_B1_Color)	Hair Framing 23 Colour	Hair Framing 23	头发 脸颊 23	頭髮 臉頰 23														
CoffeeBean_12	(HairClip7_Color)	Hair Clip 7 Colour	Hair Clip 7	发夹 7	髮夾 7														
CoffeeBean_9	(FacialHair_A6_Color)	Facial Hair A 6 Colour	Facial Hair A 6	胡子 A 6	鬍子 A 6														
CoffeeBean_4	(FacialHair_A3_Outline)	Facial Hair A 3 Outline	Facial Hair A 3	胡子 A 3	鬍子 A 3														
CoffeeBean_7	(Halo1_Outline)	Halo 1 Outline	Halo Outline 1	光环 轮廓 1	光環 輪廓 1														
CoffeeBean_8	(Hairband7_Color)	Hairband C 1 Colour	Hairband C 1	发带 C 1	髮帶 C 1														
CoffeeBean_10	(Keyboard)	Type Emote Keyboard Base	Type Normal 3	打字(普通) 3	打字(普通) 3														
CoffeeBean_10	(FrameHair_A6_Outline)	Hair Framing 11 + 12 Outline	Hair Framing Outline 11 + 12	头发 脸颊 轮廓 11 + 12	頭髮 臉頰 輪廓 11 + 12														
CoffeeBean_5	(VolumeOff)	Muted Emote Volume Off	Sticker Volume 2	表情贴纸 音量 2	表情貼紙 音量 2														
CoffeeBean_10	(PalmarGlove1_Color)	Greeting 1 Emote Glove Colour	Hand 2 .2	手 2 .2	手 2 .2														
CoffeeBean_10	(FacialHair_A6_Outline)	Facial Hair A 6 Outline	Facial Hair A Outline 6	胡子 A 轮廓 6	鬍子 A 輪廓 6														
CoffeeBean_11	(TailB1_Outline)	Tail 3 Outline	Tail Outline 3	尾巴 轮廓 3	尾巴 輪廓 3														
CoffeeBean_7	(Pigtail_A1_Gradient)	Hair Pigtail 2 Colour	Hair Pigtail 2	头发 马尾 2	頭髮 馬尾 2														
CoffeeBean_10	(FrameHair_A4_Gradient)	Hair Framing 8 Colour	Hair Framing 8	头发 脸颊 8	頭髮 臉頰 8														
CoffeeBean_7	(KitchenKnife)	Knife Emote	Kitchen Knife	厨房刀	廚房刀														
CoffeeBean_10	(Halo2_Color)	Halo 2 Colour	Halo 2	光环 2	光環 2														
CoffeeBean_9	(FrameHair_A6_Gradient)	Hair Framing 12 Colour	Hair Framing 12	头发 脸颊 12	頭髮 臉頰 12														
CoffeeBean_10	(HairShine5_Color)	Hair Shine 9 + 10 Colour	Hair Shine 9 + 10	头发 高光 9 + 10	頭髮 高光 9 + 10														
CoffeeBean_9	(FrameHair_B2_Color)	Hair Framing 25 Colour	Hair Framing 25	头发 脸颊 25	頭髮 臉頰 25														
CoffeeBean_8	(FacialHair_B1_Outline)	Facial Hair B 1 Outline	Facial Hair B Outline 1	胡子 B 轮廓 1	鬍子 B 輪廓 1														
CoffeeBean_12	(Main3_Outline)	Outfit Inner 3 Outline	Outfit Inner Outline 3	服装 里侧 轮廓 3	服裝 內側 輪廓 3														
CoffeeBean_12	(Main4_Outline)	Outfit Inner 4 Outline	Outfit Inner Outline 4	服装 里侧 轮廓 4	服裝 內側 輪廓 4														
CoffeeBean_12	(Main7_Outline)	Outfit Inner 7 Outline	Outfit Inner Outline 7	服装 里侧 轮廓 7	服裝 內側 輪廓 7														
CoffeeBean_12	(HatA2_Color)	Hat 2 Fluff Colour	Hat 2	帽子 2	帽子 2														
CoffeeBean_12	(Pigtail_C2_Outline)	Hair Pigtail 23 + 24 Outline	Hair Pigtail Outline 23 + 24	头发 马尾 轮廓 23 + 24	頭髮 馬尾 輪廓 23 + 24														
CoffeeBean_12	(Main1_Color)	Outfit Inner 1 Colour	Outfit Inner 1	服装 里侧 1	服裝 內側 1														
CoffeeBean_11	(Eyepatch2_Outline)	Eyepatch 3 + 4 Outline	Eyepatch Outline 3 + 4	眼罩轮廓 3 + 4	眼罩輪廓 3 + 4														
CoffeeBean_11	(SideHair_Branch_C2_Color)	Hair Side Branch C 2 Colour	Hair Side Branch C 2	头发 侧面分叉 C 2	頭髮 側面分叉 C 2														
CoffeeBean_3	(HairHighlight6_Outline)	Hair Highlight Mid 5 + 6 Outline	Hair Highlight >< Outline 5 + 6	挑染 >< 轮廓 5 + 6	挑染 >< 輪廓 5 + 6														
CoffeeBean_12	(SideHair_Branch_C1_Color)	Hair Side Branch C 1 Colour	Hair Side Branch C 1	头发 侧面分叉 C 1	頭髮 側面分叉 C 1														
CoffeeBean_12	(Eyepatch1_Outline)	Eyepatch 1 + 2 Outline	Eyepatch Outline 1 + 2	眼罩轮廓 1 + 2	眼罩輪廓 1 + 2														
CoffeeBean_4	(AlertCoin_Outline)	Alert Donation Emote Outline	Sticker Alert Outline 3	表情贴纸 通知/提示 轮廓 3	表情貼紙 通知/提示 輪廓 3														
CoffeeBean_12	(Eye_Dum_Outline)	Dum Emote 1 + 2 Eye Outline	Eye(Dum) Outline 1 + 2	呆眼 轮廓 1 + 2	呆眼 輪廓 1 + 2														
CoffeeBean_9	(FrameHair_Branch_A2_Outline)	Hair Branch 2 Outline	Hair Branch Outline 2	头发 分叉 轮廓 2	頭髮 分叉 輪廓 2														
CoffeeBean_12	(Main5_Color)	Outfit Inner 5 Colour	Outfit Inner 5	服装 里侧 5	服裝 內側 5														
CoffeeBean_11	(Pompom)	Cheer Emote Pompom	Pompom	拉拉花	拉拉花														
CoffeeBean_12	(HairClip10_Outline)	Hair Clip 10 Outline	Hair Clip Outline 10	发夹 轮廓 10	髮夾 輪廓 10														
CoffeeBean_10	(WaveHand)	Greeting 2 Emote Wave Hand	Wave Hand	挥手 手	揮手 手														
CoffeeBean_11	(HeartItem)	Luv Emote Heart	Heart	爱心	愛心														
CoffeeBean_12	(FrameHair_Branch_A2_Color)	Hair Branch 2 Colour	Hair Branch 2	头发 分叉 2	頭髮 分叉 2														
CoffeeBean_12	(FrameHair_Branch_A1_Outline)	Hair Branch 1 Outline	Hair Branch Outline 1	头发 分叉 轮廓 1	頭髮 分叉 輪廓 1														
CoffeeBean_12	(Eye_Dum_Color)	Eye Dum Colour	Eye White	眼睛 白色部分	眼睛 白色部分														
CoffeeBean_7	(AlertCoin_Color)	Alert Donation Emote Colour	Sticker Alert 3	表情贴纸 通知/提示 3	表情貼紙 通知/提示 3														
CoffeeBean_12	(Button)	Button Emote Button	Button	按钮	按鈕														
CoffeeBean_12	(SideHair_Branch_B2_Outline)	Hair Side Branch B 2 Outline	Hair Side Branch B Outline 2	头发 侧面分叉 B 轮廓 2	頭髮 側面分叉 B 輪廓 2														
CoffeeBean_10	(Face_Shadow)	Face Shadow	Face Shadow	脸 阴影	臉 陰影														
CoffeeBean_10	(AlertStar_Outline)	Alert Star Emote Outline	Sticker Alert Outline 5	表情贴纸 通知/提示 轮廓 5	表情貼紙 通知/提示 輪廓 5														
CoffeeBean_9	(Pigtail_C1_Outline)	Hair Pigtail 21 + 22 Outline	Hair Pigtail Outline 21 + 22	头发 马尾 轮廓 21 + 22	頭髮 馬尾 輪廓 21 + 22														
CoffeeBean_12	(AlertHeart_Outline)	Alert Heart Emote Outline	Sticker Alert Outline 1	表情贴纸 通知/提示 轮廓 1	表情貼紙 通知/提示 輪廓 1														
CoffeeBean_12	(AlertLike_Color)	Alert Like Emote Colour	Sticker Alert 4	表情贴纸 通知/提示 4	表情貼紙 通知/提示 4														
CoffeeBean_12	(AlertStar_Color)	Alert Star Emote Colour	Sticker Alert 5	表情贴纸 通知/提示 5	表情貼紙 通知/提示 5														
CoffeeBean_12	(Sleep)	Sleep Emote Z	Sticker Sleep	表情贴纸 睡觉	表情貼紙 睡覺														
CoffeeBean_12	(Square)	Jail Emote Jail + Lurk Emote Wall + Sleeping Emote Blanket	Door/Wall | Jail Grill | Blanket Outter	门/墙 | 监狱栅栏 | 被子 外侧	門/牆 | 監獄柵欄 | 被子 外側														
CoffeeBean_11	(SideHair_Branch_A2_Color)	Hair Side Branch A 2 Colour	Hair Side Branch A 2	头发 侧面分叉 A 2	頭髮 側面分叉 A 2														
CoffeeBean_12	(Beverage)	Drink Beverage Cup Emote Cup Outline	Beverage Cup 3	饮料杯 3	飲料杯 3														
CoffeeBean_12	(HairClip8_Outline)	Hair Clip 8 Outline	Hair Clip Outline 8	发夹 轮廓 8	髮夾 輪廓 8														
CoffeeBean_12	(HairClip9_Outline)	Hair Clip 9 Outline	Hair Clip Outline 9	发夹 轮廓 9	髮夾 輪廓 9														
CoffeeBean_10	(GiftBox)	Gift Emote Box	Gift 1	礼物 1	禮物 1														
CoffeeBean_12	(Mecha5_Outline)	Mecha 5 Outline	Mecha Outline 5	机械 轮廓 5	機械 輪廓 5														
CoffeeBean_12	(Eye_O_Outline)	Eye O Outline																	
CoffeeBean_5	(WingC1_Lower_Color)	Wing 5 Lower Colour	Wing 5 .2	翅膀 5 .2	翅膀 5 .2														
CoffeeBean_12	(Gill3_Color)	Gill 1 Lower Colour	Gill 1 .3	腮 1 .3	鰓 1 .3														
CoffeeBean_12	(FacialHair_B6_Outline)	Facial Hair B 6 Outline	Facial Hair B Outline 6	胡子 B 轮廓 6	鬍子 B 輪廓 6														
CoffeeBean_12	(HairClip10_Color)	Hair Clip 10 Colour	Hair Clip 10	发夹 10	髮夾 10														
CoffeeBean_12	(SideHair_Branch_B2_Color)	Hair Side Branch B 2 Colour	Hair Side Branch B 2	头发 侧面分叉 B 2	頭髮 側面分叉 B 2														
CoffeeBean_12	(SideHair_Branch_B1_Color)	Hair Side Branch B 1 Colour	Hair Side Branch B 1	头发 侧面分叉 B 1	頭髮 側面分叉 B 1														
CoffeeBean_12	(Bowl)	Need Food Emote Bowl	Bowl	碗	碗														
CoffeeBean_12	(Pigtail_C1_Color)	Hair Pigtail 21 Colour	Hair Pigtail 21	头发 马尾 21	頭髮 馬尾 21														
CoffeeBean_12	(Pigtail_C1_Gradient)	Hair Pigtail 22 Colour	Hair Pigtail 22	头发 马尾 22	頭髮 馬尾 22														
CoffeeBean_12	(HairClip7_Outline)	Hair Clip 7 Outline	Hair Clip Outline 7	发夹 轮廓 7	髮夾 輪廓 7														
CoffeeBean_12	(HairHighlight5_Color)	Hair Highlight Mid 3 + 4 Colour	Hair Highlight >< 3 + 4	挑染 >< 3 + 4	挑染 >< 3 + 4														
CoffeeBean_12	(HairClip6_Outline)	Hair Clip 6 Outline	Hair Clip Outline 6	发夹 轮廓 6	髮夾 輪廓 6														
CoffeeBean_12	(Bill1)	Money Emote Bill 1	Bill 1	钞票 1	鈔票 1														
CoffeeBean_12	(LubricantSpray)	Spray Emote Spray	Spray	喷雾	噴霧														
CoffeeBean_12	(Ahoge_A1_Outline)	Hair Ahoge 1 Outline	Hair Ahoge Outline 1	头发呆毛轮廓 1	頭髮呆毛輪廓 1														
CoffeeBean_4	(Gill1_Outline)	Gill 1 Upper Outline	Gill Outline 1 .1	腮 轮廓 1 .1	鰓 輪廓 1 .1														
CoffeeBean_12	(FacialHair_B6_Color)	Facial Hair B 6 Colour	Facial Hair B 6 	胡子 B 6 	鬍子 B 6 														
CoffeeBean_6	(Heart)	Luv Emote Small Hearts	Sticker Heart	表情贴纸 爱心	表情貼紙 愛心														
CoffeeBean_12	(Popper)	Celebration Emote Party Popper	Popper	彩纸筒	拉炮														
CoffeeBean_12	(Eye_O_Color)	Eye O Colour																	
CoffeeBean_6	(Body_Outline)	Body Outline																	
CoffeeBean_12	(Pencil)	Noted Emote Pencil	Pencil	铅笔	鉛筆														
CoffeeBean_12	(Ahoge_A3_Color)	Hair Ahoge 3 Colour	Hair Ahoge 3	头发呆毛3	頭髮呆毛 3														
CoffeeBean_12	(BeverageCup)	Drink Beverage Cup Emote Cup Colour	Beverage Cup	饮料杯	飲料杯														
CoffeeBean_12	(Mouth_Popcat2)	Popcat Emote Open Mouth																	
CoffeeBean_12	(HairClip9_Color)	Hair Clip 9 Colour	Hair Clip 9	发夹 9	髮夾 9														
CoffeeBean_10	(AlertBits_Color)	Alert Bits Emote Colour	Sticker Alert 6	表情贴纸 通知/提示 6	表情貼紙 通知/提示 6														
CoffeeBean_12	(Seven)	Six Seven Emote Seven	Number Seven	数字 7	第七號														
CoffeeBean_12	(PhoneFront)	Phone Emote Item Front	Phone 1	手机 1	手機 1														
CoffeeBean_12	(Gill2_Outline)	Gill 1 Mid Outline	Gill Outline 1 .2	腮 轮廓 1 .2	鰓 輪廓 1 .2														
CoffeeBean_12	(FrameHair_B2_Outline)	Hair Framing 25 + 26 Outline	Hair Framing Outline 25 + 26	头发 脸颊 轮廓 25 + 26	頭髮 臉頰 輪廓 25 + 26														
CoffeeBean_12	(NeckwearB7_Outline)	Outfit Neckwear B 7 Outline	Outfit Neckwear B Outline 7	服装 颈部装饰 B 轮廓 7	服裝 頸部裝飾 B 輪廓 7														
CoffeeBean_10	(Angry1)	Angry Emote Angry Line 1	Sticker Angry 1	表情贴纸 生气 1	表情貼紙 生氣 1														
CoffeeBean_12	(Cup)	Work Tired Emote Cup	Cup	咖啡杯	咖啡杯														
CoffeeBean_10	(Phone)	Phone Emote Item Back	Phone 2	手机 2	手機 2														
CoffeeBean_12	(Palmar_Outline)	Greeting 1 Emote Outline	Hand 1 .14	手 1 .14	手 1 .14														
CoffeeBean_9	(FrameHair_B1_Outline)	Hair Framing 23 + 24 Outline	Hair Framing Outline 23 + 24	头发 脸颊 轮廓 23 + 24	頭髮 臉頰 輪廓 23 + 24														
CoffeeBean_12	(WingD2_Lower_Color)	Wing 7 Lower Colour	Wing 7 .2	翅膀 7 .2	翅膀 7 .2														
CoffeeBean_11	(Eye_O_Closed)	X Eyes																	
CoffeeBean_12	(HairClip11_Outline)	Hair Clip 11 Outline	Hair Clip Outline 11	发夹 轮廓 11	髮夾 輪廓 11														
CoffeeBean_12	(RedPacket)	Red Packet Emote Packet	RedPacket 1	红包 1	紅包 1														
CoffeeBean_12	(HairClip12_Outline)	Hair Clip 12 Outline	Hair Clip Outline 12	发夹 轮廓 12	髮夾 輪廓 12														
CoffeeBean_4	(Gill1_Color)	Gill 1 Upper Colour	Gill 1 .1	腮 1 .1	鰓 1 .1														
CoffeeBean_12	(Eye1_Dark)	Eye 1 Dark	Eye Iris Dark 1 + 2	眼睛 虹膜深色 1 + 2	眼睛 虹膜深色 1 + 2														
CoffeeBean_11	(NeckwearB3_Outline)	Outfit Neckwear B 3 Outline	Outfit Neckwear B Outline 3	服装 颈部装饰 B 轮廓 3	服裝 頸部裝飾 B 輪廓 3														
CoffeeBean_9	(LightBulb)	Idea Emote Lightbulb	Sticker Light Bulb	表情贴纸 灯泡	表情貼紙 燈泡														
CoffeeBean_11	(Mecha3_Color)	Mecha 3 Colour	Mecha 3	机械 3	機械 3														
CoffeeBean_11	(Mecha6_Outline)	Mecha 6 Outline	Mecha Outline 6	机械 轮廓 6	機械 輪廓 6														
CoffeeBean_11	(Ahoge_A1_Color)	Hair Ahoge 1 Colour	Hair Ahoge 1	头发呆毛1	頭髮呆毛 1														
CoffeeBean_12	(WingA1_Outline)	Wing 1 Outline	Wing Outline 1	翅膀 轮廓 1	翅膀 輪廓 1														
CoffeeBean_12	(RedPacketCoin1)	Red Packet 1 Emote Coin 1	RedPacket 5	红包 5	紅包 5														
CoffeeBean_12	(SweatBlue)	Sweat Emote Drip	Sticker Sweat Large	表情贴纸 汗（大）	表情貼紙 汗 大														
CoffeeBean_12	(HornF1_Color)	Horn Front 1 Colour	Horn Front 1	角 前 1	角 前 1														
CoffeeBean_12	(Sparkle)	Caught in 4K + Sunglasses Emote Gleam	Gleam	光晕	光暈														
CoffeeBean_12	(Ahoge_A2_Outline)	Hair Ahoge 2 Outline	Hair Ahoge Outline 	头发呆毛轮廓 	頭髮呆毛輪廓 														
CoffeeBean_12	(FaceFeatureC2)	Face Feature C 2	Face Feature C 2	脸部特征 C 2	臉部特徵 C 2														
CoffeeBean_5	(Glove1_Outline)	Glove Outline	Glove Outline	手套 轮廓	手套 輪廓														
CoffeeBean_5	(PalmGlove1_Color)	Spray Emote Glove Colour	Hand 2 .3	手 2 .3	手 2 .3														
CoffeeBean_5	(PalmGlove1_Outline)	Spray Emote Glove Outline	Hand 2 .4	手 2 .4	手 2 .4														
CoffeeBean_12	(FacialHair_B2_Outline)	Facial Hair B 2	Facial Hair B 2	胡子 B 2	鬍子 B 2														
CoffeeBean_12	(Mecha6_Color)	Mecha 6 Colour	Mecha 6	机械 6	機械 6														
CoffeeBean_12	(CapeFront1_Color)	Cape Front 1 Colour	Cape Front 1	披风 前 1	披風 前 1														
CoffeeBean_12	(HairBang_MiddleBack_Outline)	Hair Bang Mid Back Outline																	
CoffeeBean_4	(HairClip4_Color)	Hair Clip 4 Colour	Hair Clip 4	发夹 4	髮夾 4														
CoffeeBean_3	(NeckwearB1_Color)	Outfit Neckwear B 2 Back Colour	Outfit Neckwear B 2	服装 颈部装饰 B 2	服裝 頸部裝飾 B 2														
CoffeeBean_12	(Cheek1)	Cheek 1	Cheek 1	脸颊 1	臉頰 1														
CoffeeBean_12	(Lubricant)	Spray Emote Can	Lubricant	润滑剂	潤滑劑														
CoffeeBean_12	(Ahoge_A4_Outline)	Hair Ahoge 4 Outline	Hair Ahoge Outline 4	头发呆毛轮廓 4	頭髮呆毛輪廓 4														
CoffeeBean_12	(Angry3)	Angry Emote Angry Line 3	Sticker Angry 3	表情贴纸 生气 3	表情貼紙 生氣 3														
CoffeeBean_12	(Microphone)	Sing Emote Microphone	Microphone	麦克风	麥克風														
CoffeeBean_11	(NeckwearB4_Outline)	Outfit Neckwear B 4 Outline	Outfit Neckwear B Outline 4	服装 颈部装饰 B 轮廓 4	服裝 頸部裝飾 B 輪廓 4														
CoffeeBean_6	(WingE1_Middle_Outline)	Wing 8 Middle Outline	Wing Outline 8 .2	翅膀 轮廓 8 .2	翅膀 輪廓 8 .2														
CoffeeBean_5	(FacialHair_B2_Color)	Facial Hair B 2 Colour	Facial Hair B 2	胡子 B 2	鬍子 B 2														
CoffeeBean_3	(Collar4_Outline)	Outfit Collar Inner 4 Outline	Outfit Collar Outline 4	服装 领子 轮廓 4	服裝 領子 輪廓 4														
CoffeeBean_8	(TailF3_Outline)	Tail 17 Outline	Tail Outline 17	尾巴 轮廓 17	尾巴 輪廓 17														
CoffeeBean_9	(Donut4)	Eat Donut Emote Donut 4	Donut 4	甜甜圈 4	甜甜圈 4														
CoffeeBean_11	(Laugh3)	Laugh Line 3	Sticker Laugh 3	表情贴纸 笑 3	表情貼紙 笑 3														
CoffeeBean_4	(Tear1)	Cry 1 Emote Sobbing Lines	Eye Tear 1	眼睛 眼泪 1	眼睛 眼淚 1														
CoffeeBean_10	(NeckwearA6_Outline)	Outfit Neckwear A 6 Outline	Outfit Neckwear A Outline 6	服装 颈部装饰 A 轮廓 6	服裝 頸部裝飾 A 輪廓 6														
CoffeeBean_5	(Confetti1)	Celebration Emote Swirl Big	Confetti 4	彩纸 4	彩色紙屑 4														
CoffeeBean_8	(Eye_Dum_Pupil)	Eye Dum Pupil	Eye(Dum) Pupil	 呆眼 瞳孔	呆眼 瞳孔														
CoffeeBean_10	(NeckwearB2_Outline)	Outfit Neckwear B 1 + 2 Bow Outline	Outfit Neckwear B Outline 1 + 2	服装 颈部装饰 B 轮廓 1 + 2	服裝 頸部裝飾 B 輪廓 1 + 2														
CoffeeBean_6	(FrameHair_B4_Color)	Hair Framing 29 Colour	Hair Framing 29	头发 脸颊 29	頭髮 臉頰 29														
CoffeeBean_6	(FrameHair_B4_Gradient)	Hair Framing 30 Colour	Hair Framing 30	头发 脸颊 30	頭髮 臉頰 30														
CoffeeBean_6	(NeckwearB6_Outline)	Outfit Neckwear B 6 Outline	Outfit Neckwear B Outline 6	服装 颈部装饰 B 轮廓 6	服裝 頸部裝飾 B 輪廓 6														
CoffeeBean_8	(Eye_Popcat_Dark)	Eye Popcat Dark																	
CoffeeBean_8	(HairClip2_Outline)	Hair Clip 2 Outline	Hair Clip Outline 2	发夹 轮廓 2	髮夾 輪廓 2														
CoffeeBean_9	(FrameHair_B2_Gradient)	Hair Framing 26 Colour	Hair Framing 26	头发 脸颊 26	頭髮 臉頰 26														
CoffeeBean_5	(Hand_Outline)	Hand Outline	Hand 1 .15	手 1 .15	手 1 .15														
CoffeeBean_5	(Glove1_Color)	Glove Colour	Glove	手套	手套														
CoffeeBean_12	(NeckwearA1_Outline)	Outfit Neckwear A 1 Outline	Outfit Neckwear A Outline 1	服装 颈部装饰 A 轮廓 1	服裝 頸部裝飾 A 輪廓 1														
CoffeeBean_6	(WingE1_Lower_Outline)	Wing 8 Lower Outline	Wing Outline 8 .3	翅膀 轮廓 8 .3	翅膀 輪廓 8 .3														
CoffeeBean_12	(Mouse)	Work Emote Mouse	Mouse	鼠标	滑鼠														
CoffeeBean_11	(Collar5_Color)	Outfit Collar Inner 5 Colour	Outfit Collar Inner 5	服装 领子 里侧 5	服裝 領子 內側 5														
CoffeeBean_11	(Tie1_Outline)	Outfit Neckwear C 1 Outline	Outfit Neckwear C Outline 1	服装 颈部装饰 C 轮廓 1	服裝 頸部裝飾 C 輪廓 1														
CoffeeBean_10	(Eyebag)	Tired Emote + Sleep Prep 2 Emote Eyebag	Eyebag	眼袋	眼袋														
CoffeeBean_7	(WingG1_Outter_Outline)	Wing 10 Outer Outline	Wing Outline 10 .1	翅膀 轮廓 10 .1	翅膀 輪廓 10 .1														
CoffeeBean_12	(Laugh1)	Laugh Line 1	Sticker Laugh 1	表情贴纸 笑 1	表情貼紙 笑 1														
CoffeeBean_11	(Popcorn)	Eat Popcorn Emote Popcorn	Eat (Popcorn) 2	吃(爆米花) 2	喫(爆米花) 2														
CoffeeBean_12	(NeckwearA5_Outline)	Outfit Neckwear A 5 Outline	Outfit Neckwear A Outline 5	服装 颈部装饰 A 轮廓 5	服裝 頸部裝飾 A 輪廓 5														
CoffeeBean_12	(BeverageLiquid)	Drink Beverage Cup Emote Liquid	Beverage Liquid	饮料杯 液体	飲料杯 液體														
CoffeeBean_10	(Eye3_HighlightCry)	Cry Emote Eye 3 Highlight																	
CoffeeBean_10	(Eye3_Sparkling)	Sparkling Emote Eye 3	Eye Sparkling 3	眼睛 星星 3	眼睛 星星 3														
CoffeeBean_5	(Confetti2)	Celebration Emote Swirl	Confetti 5	彩纸 5	彩色紙屑 5														
CoffeeBean_5	(Eye3_Spiral)	Dizzy Emote Eye 3 Spiral	Eye Spiral 3	眼睛 圈圈 3	眼睛 圈圈 3														
CoffeeBean_8	(FacialHair_B1_Color)	Facial Hair B 1 Colour	Facial Hair B 1	胡子 B 1	鬍子 B 1														
CoffeeBean_12	(PhoneScreenPattern2)	Hypnosis Emote Circle	Phone Screen 2	手机 屏幕 2	手機 螢幕 2														
CoffeeBean_2	(VolumeOn)	Mute 2 Emote Volume	Sticker Volume 3	表情贴纸 音量 3	表情貼紙 音量 3														
CoffeeBean_12	(FacialHair_B4_Outline)	Facial Hair B 4 Outline	Facial Hair B Outline 4	胡子 B 轮廓 4	鬍子 B 輪廓 4														
CoffeeBean_12	(Collar5_Outline)	Outfit Collar Inner 5 Outline	Outfit Collar Outline 5	服装 领子 轮廓 5	服裝 領子 輪廓 5														
CoffeeBean_13	(WingEL_Lower_WeightTransfer)	Custom Wing 15 Lower Left	Wing >> 15 .3	翅膀 >> 15 .3	翅膀 >> 15 .3														
CoffeeBean_13	(NeckwearB1_WeightTransfer)	Custom Neckwear B 8	Outfit Neckwear B 8	服装 颈部装饰 B 8	服裝 頸部裝飾 B 8														
CoffeeBean_13	(FloatingL_WeightTransfer)	Custom Mecha 7 Left	Mecha >> 7	机械 >> 7	機械 >> 7														
CoffeeBean_13	(HairBang_SideL_WeightTransfer)	Custom Hair Bang 13 Left	Hair Bang >> 13	头发 刘海 >> 13	頭髮 瀏海 >> 13														
CoffeeBean_13	(FloatingR_WeightTransfer)	Custom Mecha 7 Right	Mecha << 7	机械 << 7	機械 << 7														
CoffeeBean_13	(Glasses_WeightTransfer)	Custom Glasses 4	Glasses 4	眼镜 4	眼鏡 4														
CoffeeBean_13	(AhogeA_WeightTransfer)	Custom Ahoge 7	Hair Ahoge 7	头发呆毛7	頭髮呆毛 7														
CoffeeBean_13	(BackHair_WeightTransfer)	Custom Hair Rear 7	Hair Rear 7	头发 后侧 7	頭髮 後側 7														
CoffeeBean_13	(AnimalEarBL_WeightTransfer)	Custom Animal Ear 11 Left	Animal Ear >> 11	兽耳 >> 11	獸耳 >> 11														
CoffeeBean_13	(EyepatchA_WeightTransfer)	Custom Eyepatch 7	Eyepatch 7	眼罩 7	眼罩 7														
CoffeeBean_13	(TailD_WeightTransfer)	Custom Tail 22	Tail 22	尾巴 22	尾巴 22														
CoffeeBean_13	(HairBang_Middle_WeightTransfer)	Custom Hair Bang Mid 15	Hair Bang >< 15	头发 刘海 >< 15	頭髮 瀏海 >< 15														
CoffeeBean_13	(Face_WeightTransfer)	Custom Face Feature C 3	Face Feature C 3	脸部特征 C 3	臉部特徵 C 3														
CoffeeBean_13	(NeckwearB2_WeightTransfer)	Custom Neckwear B 9	Outfit Neckwear B 9	服装 颈部装饰 B 9	服裝 頸部裝飾 B 9														
CoffeeBean_13	(EarringBR_WeightTransfer)	Custom Earring 12 Right	Earring << 12	耳环 << 12	耳環 << 12														
CoffeeBean_13	(EarringBL_WeightTransfer)	Custom Earring 12 Left	Earring >> 12	耳环 >> 12	耳環 >> 12														
CoffeeBean_13	(NeckwearC_WeightTransfer)	Custom Neckwear C 4	Outfit Neckwear C 4	服装 颈部装饰 C 4	服裝 頸部裝飾 C 4														
CoffeeBean_13	(HatC_WeightTransfer)	Custom Hat 11	Hat 11	帽子 11	帽子 11														
CoffeeBean_13	(TailFSoft_WeightTransfer)	Custom Tail 25	Tail 25	尾巴 25	尾巴 25														
CoffeeBean_13	(TailFHard_WeightTransfer)	Custom Tail 24	Tail 24	尾巴 24	尾巴 24														
CoffeeBean_13	(EarringAR_WeightTransfer)	Custom Earring 11 Right	Earring << 11	耳环 << 11	耳環 << 11														
CoffeeBean_13	(EarringAL_WeightTransfer)	Custom Earring 11 Left	Earring >> 11	耳环 >> 11	耳環 >> 11														
CoffeeBean_13	(HatA_WeightTransfer)	Custom Hat 9	Hat 9	帽子 9	帽子 9														
CoffeeBean_13	(LegR_WeightTransfer)	Custom Leg 2 Right	Leg << 2	腿 << 2	腿 << 2														
CoffeeBean_13	(LegL_WeightTransfer)	Custom Leg 2 Left	Leg >> 2	腿 >> 2	腿 >> 2														
CoffeeBean_13	(HatD_WeightTransfer)	Custom Hat 12	Hat 12	帽子 12	帽子 12														
CoffeeBean_13	(FrameHair_WeightTransfer)	Custom Hair Framing 1	Hair Framing >< 	头发 脸颊 >< 	頭髮 臉頰 >< 														
CoffeeBean_13	(TailE_WeightTransfer)	Custom Tail 23	Tail 23	尾巴 23	尾巴 23														
CoffeeBean_13	(TailA_WeightTransfer)	Custom Tail 19	Tail 19	尾巴 19	尾巴 19														
CoffeeBean_13	(SideHairB_WeightTransfer)	Custom Hair Side 34	Hair Side 34	头发 侧面 34	頭髮 側面 34														
CoffeeBean_13	(SideHairA_WeightTransfer)	Custom Hair Side 33	Hair Side 33	头发 侧面 33	頭髮 側面 33														
CoffeeBean_13	(PonytailA_WeightTransfer)	Custom Ponytail 15	Hair Ponytail 15	头发 单马尾 15	頭髮馬尾辮 15														
CoffeeBean_14	(WingER_Upper_WeightTransfer)	Custom Wing 15 Upper Right	Wing << 15 .1	翅膀 << 15 .1	翅膀 << 15 .1														
CoffeeBean_14	(WingER_Middle_WeightTransfer)	Custom Wing 15 Middle Right	Wing << 15 .2	翅膀 << 15 .2	翅膀 << 15 .2														
CoffeeBean_14	(OutfitOuter_WeightTransfer)	Custom Outer 6	Outfit Outer 8	服装 外侧 8	服裝 外側 8														
CoffeeBean_14	(WingAL_WeightTransfer)	Custom Wing 11 Left	Wing >> 11	翅膀 >> 11	翅膀 >> 11														
CoffeeBean_14	(PalmarL_WeightTransfer)	Custom Hand Greeting 1 Left	Hand >> 3 .5	手 >> 3 .5	手 >> 3 .5														
CoffeeBean_14	(HeadWingAL_WeightTransfer)	Custom Ear Wing 4 Left	Ear Wing >> 4	翅膀耳朵 >> 4	翅膀耳朵 >> 4														
CoffeeBean_14	(BrowL_WeightTransfer)	Custom Brow 10 Left	Brow >> 10	眉毛 >> 10	眉毛 >> 10														
CoffeeBean_14	(BrowR_WeightTransfer)	Custom Brow 10 Right	Brow << 10	眉毛 << 10	眉毛 << 10														
CoffeeBean_14	(MustacheA_WeightTransfer)	Custom Facial Hair B 7	Facial Hair B 7	胡子 B 7	鬍子 B 7														
CoffeeBean_14	(TailC_WeightTransfer)	Custom Tail 21	Tail 21	尾巴 21	尾巴 21														
CoffeeBean_14	(FrameHair_BranchL_WeightTransfer)	Custom Hair Branch 4 Left	Hair Branch >> 4	头发 分叉 >> 4	頭髮 分叉 >> 4														
CoffeeBean_14	(HandL_Middle_WeightTransfer)	Custom Hand Middle Finger Left	Hand >> 3 .1	手 >> 3 .1	手 >> 3 .1														
CoffeeBean_14	(HandL_Thumb_WeightTransfer)	Custom Thumb Up Left	Hand >> 3 .2	手 >> 3 .2	手 >> 3 .2														
CoffeeBean_14	(NeckwearA_WeightTransfer)	Custom Neckwear A 7	Outfit Neckwear A 7	服装 颈部装饰 A 7	服裝 頸部裝飾 A 7														
CoffeeBean_14	(WingER_Lower_WeightTransfer)	Custom Wing 15 Lower Right	Wing << 15 .3	翅膀 << 15 .3	翅膀 << 15 .3														
CoffeeBean_14	(WingEL_Upper_WeightTransfer)	Custom Wing 15 Upper Left	Wing >> 15 .1	翅膀 >> 15 .1	翅膀 >> 15 .1														
CoffeeBean_14	(WingGL_Outter_WeightTransfer)	Custom Wing 17 Outer Left	Wing >> 17 .1	翅膀 >> 17 .1	翅膀 >> 17 .1														
CoffeeBean_14	(WingCL_Upper_WeightTransfer)	Custom Wing 13 Upper Left	Wing >> 13 .1	翅膀 >> 13 .1	翅膀 >> 13 .1														
CoffeeBean_14	(WingGR_Inner_WeightTransfer)	Custom Wing 17 Inner Right	Wing << 17 .2	翅膀 << 17 .2	翅膀 << 17 .2														
CoffeeBean_14	(WingCR_Upper_WeightTransfer)	Custom Wing 13 Upper Right	Wing << 13 .1	翅膀 << 13 .1	翅膀 << 13 .1														
CoffeeBean_14	(EarL_WeightTransfer)	Custom Ear 2 Left	Ear 2 >>	耳朵 2 >>	耳朵 2 >>														
CoffeeBean_14	(EarR_WeightTransfer)	Custom Ear 2 Right	Ear 2 <<	耳朵 2 <<	耳朵 2 <<														
CoffeeBean_14	(CapeBack_WeightTransfer)	Custom Cape Back 4	Cape Back 4	披风 后 4	披風 後 4														
CoffeeBean_14	(CapeFront_WeightTransfer)	Custom Cape Front 7	Cape Front 7	披风 前 7	披風 前 7														
CoffeeBean_14	(WingEL_Middle_WeightTransfer)	Custom Wing 15 Middle Left	Wing >> 15 .2	翅膀 >> 15 .2	翅膀 >> 15 .2														
CoffeeBean_14	(WingFR_Upper_WeightTransfer)	Custom Wing 16 Upper Right	Wing << 16 .1	翅膀 << 16 .1	翅膀 << 16 .1														
CoffeeBean_14	(AntennaR_WeightTransfer)	Custom Antenna 3 Right	Antenna << 3	触角 << 3	觸角 << 3														
CoffeeBean_14	(AnimalEarAR_WeightTransfer)	Custom Animal Ear 10 Right	Animal Ear << 10	兽耳 << 10	獸耳 << 10														
CoffeeBean_14	(WingDL_WeightTransfer)	Custom Wing 14 Left	Wing >> 14	翅膀 >> 14	翅膀 >> 14														
CoffeeBean_14	(AnimalEarCL_WeightTransfer)	Custom Animal Ear 12 Left	Animal Ear >> 12	兽耳 >> 12	獸耳 >> 12														
CoffeeBean_14	(WingGL_Inner_WeightTransfer)	Custom Wing 17 Inner Left	Wing >> 17 .2	翅膀 >> 17 .2	翅膀 >> 17 .2														
CoffeeBean_14	(Halo_WeightTransfer)	Custom Halo 7	Halo 7	光环 7	光環 7														
CoffeeBean_14	(FinR_WeightTransfer)	Custom Fin 2 Right	Fin << 2	鳍 << 2	鰭 << 2														
CoffeeBean_14	(HatB_WeightTransfer)	Custom Hat 10	Hat 10	帽子 10	帽子 10														
CoffeeBean_14	(AnimalEarAL_WeightTransfer)	Custom Animal Ear 10 Left	Animal Ear >> 10	兽耳 >> 10	獸耳 >> 10														
CoffeeBean_14	(TailB_WeightTransfer)	Custom Tail 20	Tail 20	尾巴 20	尾巴 20														
CoffeeBean_14	(HandL_Little_WeightTransfer)	Custom Hand Point Little Right	Hand >> 3 .3	手 >> 3 .3	手 >> 3 .3														
CoffeeBean_14	(HandL_Index_WeightTransfer)	Custom Hand Point Left	Hand >> 3 .4	手 >> 3 .4	手 >> 3 .4														
CoffeeBean_14	(FinL_WeightTransfer)	Custom Fin 2 Left	Fin >> 2	鳍 >> 2	鰭 >> 2														
CoffeeBean_14	(AntennaL_WeightTransfer)	Custom Antenna 3 Left	Antenna >> 3	触角 >> 3	觸角 >> 3														
CoffeeBean_14	(PonytailAR_WeightTransfer)	Custom Pigtail 25 Right	Hair Pigtail << 25	头发 马尾 << 25	頭髮 馬尾 << 25														
CoffeeBean_14	(OutfitInner_WeightTransfer)	Custom Inner 9	Outfit Inner 9	服装 里侧 9	服裝 內側 9														
CoffeeBean_14	(MustacheB_WeightTransfer)	Custom Facial Hair B 8	Facial Hair B 8	胡子 B 8	鬍子 B 8														
CoffeeBean_14	(PonytailB_WeightTransfer)	Custom Ponytail 16	Hair Ponytail 16	头发 单马尾 16	頭髮馬尾辮 16														
CoffeeBean_14	(HairBandA_WeightTransfer)	Custom Hairband A 3	Hairband A 3	发带 A 3	髮帶 A 3														
CoffeeBean_14	(HairBang_SideR_WeightTransfer)	Custom Hair Bang 13 Right	Hair Bang << 13	头发 刘海 << 13	頭髮 瀏海 << 13														
CoffeeBean_14	(EyepatchB_WeightTransfer)	Custom Eyepatch 8	Eyepatch 8	眼罩 8	眼罩 8														
CoffeeBean_14	(WingFL_Lower_WeightTransfer)	Custom Wing 16 Lower Left	Wing >> 16 .2	翅膀 >> 16 .2	翅膀 >> 16 .2														
CoffeeBean_14	(WingBL_WeightTransfer)	Custom Wing 12 Left	Wing >> 12	翅膀 >> 12	翅膀 >> 12														
CoffeeBean_14	(PonytailCL_WeightTransfer)	Custom Pigtail 26 Left	Hair Pigtail >> 26	头发 马尾 >> 26	頭髮 馬尾 >> 26														
CoffeeBean_14	(HairbandB_WeightTransfer)	Custom Hairband B 5	Hairband B 5	发带 B 5	髮帶 B 5														
CoffeeBean_14	(BeardA_WeightTransfer)	Custom Facial Hair A 9	Facial Hair A 9	胡子 A 9	鬍子 A 9														
CoffeeBean_14	(PonytailAL_WeightTransfer)	Custom Pigtail 25 Left	Hair Pigtail >> 25	头发 马尾 >> 25	頭髮 馬尾 >> 25														
CoffeeBean_14	(AnimalEarBR_WeightTransfer)	Custom Animal Ear 11 Right	Animal Ear << 11	兽耳 << 11	獸耳 << 11														
CoffeeBean_14	(EyelashR_WeightTransfer)	Custom Eye 4 Eyelash Right	Eye 4 | Eyelashes <<	眼睛 4 | 眼睛 睫毛 <<	眼睛 4 | 眼睛 睫毛 <<														
CoffeeBean_14	(GillR_WeightTransfer)	Custom Gill 2 Right	Gill << 2	腮 << 2	鰓 << 2														
CoffeeBean_14	(PiercingAL_WeightTransfer)	Custom Piercing A 6 Left	Piercing A >> 6	耳钉 A >> 6	耳釘 A >> 6														
CoffeeBean_14	(PiercingAR_WeightTransfer)	Custom Piercing A 6 Right	Piercing A << 6	耳钉 A << 6	耳釘 A << 6														
CoffeeBean_14	(WingFR_Lower_WeightTransfer)	Custom Wing 16 Lower Right	Wing << 16 .2	翅膀 << 16 .2	翅膀 << 16 .2														
CoffeeBean_14	(WingFL_Upper_WeightTransfer)	Custom Wing 16 Upper Left	Wing >> 16 .1	翅膀 >> 16 .1	翅膀 >> 16 .1														
CoffeeBean_14	(HairBandC_WeightTransfer)	Custom Hairband D 3	Hairband D 3	发带 D 3	髮帶 D 3														
CoffeeBean_14	(HornL_WeightTransfer)	Custom Horn 8 Left	Horn >> 8	角 >> 8	角 >> 8														
CoffeeBean_14	(HornR_WeightTransfer)	Custom Horn 8 Right	Horn << 8	角 << 8	角 << 8														
CoffeeBean_14	(EyelashL_WeightTransfer)	Custom Eye 4 Eyelash Left	Eye 4 | Eyelashes >>	眼睛 4 | 眼睛 睫毛 >>	眼睛 4 | 眼睛 睫毛 >>														
CoffeeBean_14	(GillL_WeightTransfer)	Custom Gill 2 Left	Gill >> 2	腮 >> 2	鰓 >> 2														
CoffeeBean_14	(HornFrontL_WeightTransfer)	Custom Horn Front 3 Left	Horn Front >> 3	角 前 >> 3	角 前 >> 3														
CoffeeBean_14	(HornFrontR_WeightTransfer)	Custom Horn Front 3 Right	Horn Front << 3	角 前 << 3	角 前 << 3														
CoffeeBean_15	(WingDR_WeightTransfer)	Custom Wing 14 Right	Wing << 14	翅膀 << 14	翅膀 << 14														
CoffeeBean_15	(FrameHair_BranchR_WeightTransfer)	Custom Hair Branch 4 Right	Hair Branch << 4	头发 分叉 << 4	頭髮 分叉 << 4														
CoffeeBean_15	(HeadWingAR_WeightTransfer)	Custom Ear Wing 4 Right	Ear Wing << 4	翅膀耳朵 << 4	翅膀耳朵 << 4														
CoffeeBean_15	(HornFrontM_WeightTransfer)	Custom Horn Front Mid 2	Horn Front >< 2	角 前 >< 2	角 前 >< 2														
CoffeeBean_15	(WingGR_Outter_WeightTransfer)	Custom Wing 17 Right	Wing << 17 .1	翅膀 << 17 .1	翅膀 << 17 .1														
CoffeeBean_15	(EyeDollarR_WeightTransfer)	Custom Eye 4 + 5 Money Emote Right	Eye Dollar << 4 + 5	眼睛 钱 << 4 + 5	眼睛 錢 << 4 + 5														
CoffeeBean_15	(EyeHeartL_WeightTransfer)	Custom Eye 4 + 5 Heart Luv Emote Left	Eye Heart >> 4 + 5	眼睛 爱心 >> 4 + 5	眼睛 愛心 >> 4 + 5														
CoffeeBean_15	(EyeHeartR_WeightTransfer)	Custom Eye 4 + 5 Heart Luv Emote Right	Eye Heart << 4 + 5	眼睛 爱心 << 4 + 5	眼睛 愛心 << 4 + 5														
CoffeeBean_15	(EyeHighlightCryL_WeightTransfer)	Custom Eye 4 + 5 Cry Left																	
CoffeeBean_15	(EyeHighlightCryR_WeightTransfer)	Custom Eye 4 + 5 Cry Right																	
CoffeeBean_15	(EyeL_WeightTransfer)	Custom Eye Left	Eye >> 4 + 5	眼睛 >> 4 + 5	眼睛 >> 4 + 5														
CoffeeBean_15	(EyeR_WeightTransfer)	Custom Eye Right	Eye << 4 + 5	眼睛 << 4 + 5	眼睛 << 4 + 5														
CoffeeBean_15	(EyeSparklingL_WeightTransfer)	Custom Eye 4 + 5 Sparkle Left	Eye Sparkling >> 4 + 5	眼睛 星星 >> 4 + 5	眼睛 星星 >> 4 + 5														
CoffeeBean_15	(EyeSparklingR_WeightTransfer)	Custom Eye 4 + 5 Sparkle Right	Eye Sparkling << 4 + 5	眼睛 星星 << 4 + 5	眼睛 星星 << 4 + 5														
CoffeeBean_15	(EyeSpiralL_WeightTransfer)	Custom Eye 4 + 5 Dizzy Left	Eye Spiral >> 4 + 5	眼睛 圈圈 >> 4 + 5	眼睛 圈圈 >> 4 + 5														
CoffeeBean_15	(EyeSpiralR_WeightTransfer)	Custom Eye 4 + 5 Dizzy Right	Eye Spiral << 4 + 5	眼睛 圈圈 << 4 + 5	眼睛 圈圈 << 4 + 5														
CoffeeBean_15	(AnimalEarCR_WeightTransfer)	Custom Animal Ear 12 Right	Animal Ear << 12	兽耳 << 12	獸耳 << 12														
CoffeeBean_15	(WingAR_WeightTransfer)	Custom Wing 11 Right	Wing << 11	翅膀 << 11	翅膀 << 11														
CoffeeBean_15	(PonytailCR_WeightTransfer)	Custom Pigtail 26 Right	Hair Pigtail << 26	头发 马尾 << 26	頭髮 馬尾 << 26														
CoffeeBean_15	(PiercingBL_WeightTransfer)	Custom Piercing B 6 Left	Piercing B >> 6	耳钉 B >> 6	耳釘 B >> 6														
CoffeeBean_15	(PiercingBR_WeightTransfer)	Custom Piercing B 6 Right	Piercing B << 6	耳钉 B << 6	耳釘 B << 6														
CoffeeBean_15	(HandL_WeightTransfer)	Custom Hand Base Left	Hand >> 3	手 >> 3	手 >> 3														
CoffeeBean_15	(HandR_Index_WeightTransfer)	Custom Hand Point Right	Hand << 3 .4	手 << 3 .4	手 << 3 .4														
CoffeeBean_15	(HandR_Little_WeightTransfer)	Custom Hand Point Little Right	Hand << 3 .3	手 << 3 .3	手 << 3 .3														
CoffeeBean_15	(HandR_Middle_WeightTransfer)	Custom Hand Middle Finger Right	Hand << 3 .1	手 << 3 .1	手 << 3 .1														
CoffeeBean_15	(HandR_Thumb_WeightTransfer)	Custom Thumb Up Right	Hand << 3 .2	手 << 3 .2	手 << 3 .2														
CoffeeBean_15	(HandR_WeightTransfer)	Custom Hand Base Right	Hand << 3	手 << 3	手 << 3														
CoffeeBean_15	(PalmarR_WeightTransfer)	Custom Hand Greeting 1 Right	Hand << 3 .5	手 << 3 .5	手 << 3 .5														
CoffeeBean_15	(WingCL_Lower_WeightTransfer)	Custom Wing 13 Left	Wing >> 13	翅膀 >> 13	翅膀 >> 13														
CoffeeBean_15	(WingCR_Lower_WeightTransfer)	Custom Wing 13 Right	Wing << 13	翅膀 << 13	翅膀 << 13														
CoffeeBean_15	(WingBR_WeightTransfer)	Custom Wing 12 Right	Wing << 12	翅膀 << 12	翅膀 << 12														
CoffeeBean_15	(EyeDollarL_WeightTransfer)	Custom Eye 4 + 5 Money Emote Left	Eye Dollar >> 4 + 5	眼睛 钱 >> 4 + 5	眼睛 錢 >> 4 + 5														
CoffeeBean_2	(ClownWig)	Clown Emote Wig	Clown 1	小丑 1	小丑 1														
CoffeeBean_6	(FireA1)	Fire 	Fire	烧	火														
CoffeeBean_2	(ElectricFan)	Electric Fan Body	Electric Fan	电风扇	電扇														
CoffeeBean_2	(Cheese)	Cheese Slap	Cheese	奶酪	起司														
CoffeeBean_7	(ElectricFanBlades)	Electric Fan Blades	Electric Fan Blades	电风扇叶片	電風扇葉片														
CoffeeBean_10	(Guitar_Outline)	Guitar Outline	Guitar Outline	吉他轮廓	吉他大綱														
CoffeeBean_10	(Guitar_Color1)	Guitar Body Colour	Guitar Color 1	吉他颜色 1	吉他顏色 1														
CoffeeBean_11	(PaperFanSticks)	Paper Fan Sticks + Outline	Folding Fan 2	折扇 2	折扇 2														
CoffeeBean_11	(PaperFanLeaf)	Paper Fan Body Colour	Folding Fan 1	折扇 1	折扇 1														
CoffeeBean_11	(Stool)	Stool Work Emote	Stool	凳子	凳子														
CoffeeBean	(Slipper)	Slipper	Slipper	拖鞋	拖鞋														
CoffeeBean_9	(Guitar_Color2)	Guitar Neck Colour	Guitar Color 2	吉他颜色 2	吉他顏色 2														
CoffeeBean_12	(WinkStar)	Wink Emote Star	Wink Star	眨眼星星	眨眼之星														
CoffeeBean_10	(ClownNose)	Clown Emote Nose	Clown 2	小丑 2	小丑 2														
CoffeeBean_4	(Guitar_Color3)	Guitar Fret Colour 	Guitar Color 3	吉他颜色 3	吉他顏色 3														
CoffeeBean_3	(SideHairA7_Color)	Hair Side 13 Colour	Hair Side 13	头发 侧面 13	頭髮 側面 13														
CoffeeBean_5	(PonytailA3_Gradient)	Ponytail 6 Colour	Hair Ponytail 6	头发 单马尾 6	頭髮馬尾辮 6														
CoffeeBean_5	(SideHairA2_Gradient)	Hair Side 4 Colour	Hair Side 4	头发 侧面 4	頭髮 側面 4														
CoffeeBean_4	(SideHairB5_Color)	Hair Side 25 Colour	Hair Side 25	头发 侧面 25	頭髮 側面 25														
CoffeeBean_7	(SideHairB3_Gradient)	Hair Side 22 Colour	Hair Side 22	头发 侧面 22	頭髮 側面 22														
CoffeeBean_3	(PonytailA2_Outline)	Ponytail 3 + 4 Outline	Hair Ponytail Outline 3 + 4	头发 单马尾 轮廓 3 + 4	頭髮馬尾辮輪廓 3 + 4														
CoffeeBean_2	(PonytailB2_Outline)	Ponytail 13 + 14 Outline	Hair Ponytail Outline 13 + 14	头发 单马尾 轮廓 13 + 14	頭髮馬尾辮輪廓 13 + 14														
CoffeeBean_4	(PonytailB2_Color)	Ponytail 13 Colour	Hair Ponytail 13	头发 单马尾 13	頭髮馬尾辮 13														
CoffeeBean_11	(Outer7_Outline)	Outfit Outer 7 Outline	Outfit Outer Outline 7	服装 外侧 轮廓 7	服裝 外側 輪廓 7														
CoffeeBean_12	(Outer1_Outline)	Outfit Outer 1 Outline	Outfit Outer Outline 1	服装 外侧 轮廓 1	服裝 外側 輪廓 1														
CoffeeBean_12	(Hand_Color)	Hand Colour	Hand 1	手 1	手 1														
CoffeeBean_10	(LaptopLight3)	Work Emote Laptop Light 3	Laptop Light 3	电脑 屏幕光 3	電腦 螢幕光 3														
CoffeeBean_9	(Finger)	Rub Emote Finger	Rub 1	揉头 1	擦 1														
CoffeeBean_2	(Scissor)	Cut Scissor Emote Scissor	Cut (Scissors)	切（剪刀	剪（剪刀）														
CoffeeBean_4	(BoopHand)	Boop Emote Hand	Boop	碰鼻子	布普														
CoffeeBean_10	(Trophy)	Trophy Emote Trophy	Trophy 1	胜利 1	獎杯 1														
CoffeeBean_10	(ProgressBar)	Loading Emote Progress Bar	Progress Bar Container	加载（茶/咖啡杯） 1	進度條容器														
CoffeeBean_12	(CoffeeCup)	Coffee Cup																	
CoffeeBean_12	(Progress)	Loading Emote Progress Colour	Progress Bar Fill	加载（茶/咖啡杯） 2	進度條填充														
CoffeeBean_10	(Coffee)	Coffee																	
CoffeeBean_3	(Tongue_Shadow_Line)	Blep Emote Tongue Shadow Line																	
